id,barcode_plate,plate,well,amino_acid_substitutions,alignment_count,alignment_probability,average_mutation_frequency,p_value,p_adj_value,nt_sequence,aa_sequence,smiles_string,fitness_value,smiles_reaction,fitness_type,reaction_condition,ttn,yield,ton,tof,ee,selectivity
DEDBL1751,1,Enantioselective Hydroxylation of Benzylic C sp sup 3 sup -H Bonds by an Artificial Iron Hydroxylase Based on the Biotin-Streptavidin Technology,A1,#PARENT#,100,1,1,0.01,0.01,ATGGCTTCTATGACTGGTGGTCAACAAATGGGTCGTGATCAAGCTGGTATTACTGGTACTTGGTATAATCAACTTGGTTCTACTTTTATTGTTACTGCTGGTGCTGATGGTGCTCTTACTGGTACTTATGAATCTGCTGTTGGTAATGCTGAATCTCGTTATGTTCTTACTGGTCGTTATGATTCTGCTCCTGCTACTGATGGTTCTGGTACTGCTCTTGGTTGGACTGTTGCTTGGAAAAATAATTATCGTAATGCTCATTCTGCTACTACTTGGTCTGGTCAATATGTTGGTGGTGCTGAAGCTCGTATTAATACTCAATGGCTTCTTACTTCTGGTACTACTGAAGCTAATGCTTGGAAATCTACTCTTGTTGGTCATGATACTTTTACTAAAGTTAAACCTTCTGCTGCTTCTATTGATGCTGCTAAAAAAGCTGGTGTTAATAATGGTAATCCTCTTGATGCTGTTCAACAA,MASMTGGQQMGRDQAGITGTWYNQLGSTFIVTAGADGALTGTYESAVGNAESRYVLTGRYDSAPATDGSGTALGWTVAWKNNYRNAHSATTWSGQYVGGAEARINTQWLLTSGTTEANAWKSTLVGHDTFTKVKPSAASIDAAKKAGVNNGNPLDAVQQ,CC(O)c1ccccc1.CC(=O)c1ccccc1,27,CCc1ccccc1>>CC(O)c1ccccc1.CC(=O)c1ccccc1,ttn,"reaction_temperature:25°C;reaction_ph:8.2;reaction_other_conditions:25 µM Sav, 50 µM biotC4-1, 20 mM H2O2, 40% acetone, 5% MeCN, 3 h;reaction_substrate_concentration:10 mM",27.0,,,,,-6.0
DEDBL1752,1,Enantioselective Hydroxylation of Benzylic C sp sup 3 sup -H Bonds by an Artificial Iron Hydroxylase Based on the Biotin-Streptavidin Technology,A2,S112A,100,1,1,0.01,0.01,ATGGCTTCTATGACTGGTGGTCAACAAATGGGTCGTGATCAAGCTGGTATTACTGGTACTTGGTATAATCAACTTGGTTCTACTTTTATTGTTACTGCTGGTGCTGATGGTGCTCTTACTGGTACTTATGAATCTGCTGTTGGTAATGCTGAATCTCGTTATGTTCTTACTGGTCGTTATGATTCTGCTCCTGCTACTGATGGTTCTGGTACTGCTCTTGGTTGGACTGTTGCTTGGAAAAATAATTATCGTAATGCTCATTCTGCTACTACTTGGTCTGGTCAATATGTTGGTGGTGCTGAAGCTCGTATTAATACTCAATGGCTTCTTACTGCTGGTACTACTGAAGCTAATGCTTGGAAATCTACTCTTGTTGGTCATGATACTTTTACTAAAGTTAAACCTTCTGCTGCTTCTATTGATGCTGCTAAAAAAGCTGGTGTTAATAATGGTAATCCTCTTGATGCTGTTCAACAA,MASMTGGQQMGRDQAGITGTWYNQLGSTFIVTAGADGALTGTYESAVGNAESRYVLTGRYDSAPATDGSGTALGWTVAWKNNYRNAHSATTWSGQYVGGAEARINTQWLLTAGTTEANAWKSTLVGHDTFTKVKPSAASIDAAKKAGVNNGNPLDAVQQ,CC(O)c1ccccc1.CC(=O)c1ccccc1,30,CCc1ccccc1>>CC(O)c1ccccc1.CC(=O)c1ccccc1,ttn,"reaction_temperature:25°C;reaction_ph:8.2;reaction_other_conditions:25 µM Sav, 50 µM biotC4-1, 20 mM H2O2, 40% acetone, 5% MeCN, 3 h;reaction_substrate_concentration:10 mM",30.0,,,,,-8.0
DEDBL1753,1,Enantioselective Hydroxylation of Benzylic C sp sup 3 sup -H Bonds by an Artificial Iron Hydroxylase Based on the Biotin-Streptavidin Technology,A3,S112L,100,1,1,0.01,0.01,ATGGCTTCTATGACTGGTGGTCAACAAATGGGTCGTGATCAAGCTGGTATTACTGGTACTTGGTATAATCAACTTGGTTCTACTTTTATTGTTACTGCTGGTGCTGATGGTGCTCTTACTGGTACTTATGAATCTGCTGTTGGTAATGCTGAATCTCGTTATGTTCTTACTGGTCGTTATGATTCTGCTCCTGCTACTGATGGTTCTGGTACTGCTCTTGGTTGGACTGTTGCTTGGAAAAATAATTATCGTAATGCTCATTCTGCTACTACTTGGTCTGGTCAATATGTTGGTGGTGCTGAAGCTCGTATTAATACTCAATGGCTTCTTACTCTTGGTACTACTGAAGCTAATGCTTGGAAATCTACTCTTGTTGGTCATGATACTTTTACTAAAGTTAAACCTTCTGCTGCTTCTATTGATGCTGCTAAAAAAGCTGGTGTTAATAATGGTAATCCTCTTGATGCTGTTCAACAA,MASMTGGQQMGRDQAGITGTWYNQLGSTFIVTAGADGALTGTYESAVGNAESRYVLTGRYDSAPATDGSGTALGWTVAWKNNYRNAHSATTWSGQYVGGAEARINTQWLLTLGTTEANAWKSTLVGHDTFTKVKPSAASIDAAKKAGVNNGNPLDAVQQ,CC(O)c1ccccc1.CC(=O)c1ccccc1,25,CCc1ccccc1>>CC(O)c1ccccc1.CC(=O)c1ccccc1,ttn,"reaction_temperature:25°C;reaction_ph:8.2;reaction_other_conditions:25 µM Sav, 50 µM biotC4-1, 20 mM H2O2, 40% acetone, 5% MeCN, 3 h;reaction_substrate_concentration:10 mM",25.0,,,,,2.0
DEDBL1754,1,Enantioselective Hydroxylation of Benzylic C sp sup 3 sup -H Bonds by an Artificial Iron Hydroxylase Based on the Biotin-Streptavidin Technology,A4,S112M,100,1,1,0.01,0.01,ATGGCTTCTATGACTGGTGGTCAACAAATGGGTCGTGATCAAGCTGGTATTACTGGTACTTGGTATAATCAACTTGGTTCTACTTTTATTGTTACTGCTGGTGCTGATGGTGCTCTTACTGGTACTTATGAATCTGCTGTTGGTAATGCTGAATCTCGTTATGTTCTTACTGGTCGTTATGATTCTGCTCCTGCTACTGATGGTTCTGGTACTGCTCTTGGTTGGACTGTTGCTTGGAAAAATAATTATCGTAATGCTCATTCTGCTACTACTTGGTCTGGTCAATATGTTGGTGGTGCTGAAGCTCGTATTAATACTCAATGGCTTCTTACTATGGGTACTACTGAAGCTAATGCTTGGAAATCTACTCTTGTTGGTCATGATACTTTTACTAAAGTTAAACCTTCTGCTGCTTCTATTGATGCTGCTAAAAAAGCTGGTGTTAATAATGGTAATCCTCTTGATGCTGTTCAACAA,MASMTGGQQMGRDQAGITGTWYNQLGSTFIVTAGADGALTGTYESAVGNAESRYVLTGRYDSAPATDGSGTALGWTVAWKNNYRNAHSATTWSGQYVGGAEARINTQWLLTMGTTEANAWKSTLVGHDTFTKVKPSAASIDAAKKAGVNNGNPLDAVQQ,CC(O)c1ccccc1.CC(=O)c1ccccc1,28,CCc1ccccc1>>CC(O)c1ccccc1.CC(=O)c1ccccc1,ttn,"reaction_temperature:25°C;reaction_ph:8.2;reaction_other_conditions:25 µM Sav, 50 µM biotC4-1, 20 mM H2O2, 40% acetone, 5% MeCN, 3 h;reaction_substrate_concentration:10 mM",28.0,,,,,8.0
DEDBL1755,1,Enantioselective Hydroxylation of Benzylic C sp sup 3 sup -H Bonds by an Artificial Iron Hydroxylase Based on the Biotin-Streptavidin Technology,A5,S112F,100,1,1,0.01,0.01,ATGGCTTCTATGACTGGTGGTCAACAAATGGGTCGTGATCAAGCTGGTATTACTGGTACTTGGTATAATCAACTTGGTTCTACTTTTATTGTTACTGCTGGTGCTGATGGTGCTCTTACTGGTACTTATGAATCTGCTGTTGGTAATGCTGAATCTCGTTATGTTCTTACTGGTCGTTATGATTCTGCTCCTGCTACTGATGGTTCTGGTACTGCTCTTGGTTGGACTGTTGCTTGGAAAAATAATTATCGTAATGCTCATTCTGCTACTACTTGGTCTGGTCAATATGTTGGTGGTGCTGAAGCTCGTATTAATACTCAATGGCTTCTTACTTTTGGTACTACTGAAGCTAATGCTTGGAAATCTACTCTTGTTGGTCATGATACTTTTACTAAAGTTAAACCTTCTGCTGCTTCTATTGATGCTGCTAAAAAAGCTGGTGTTAATAATGGTAATCCTCTTGATGCTGTTCAACAA,MASMTGGQQMGRDQAGITGTWYNQLGSTFIVTAGADGALTGTYESAVGNAESRYVLTGRYDSAPATDGSGTALGWTVAWKNNYRNAHSATTWSGQYVGGAEARINTQWLLTFGTTEANAWKSTLVGHDTFTKVKPSAASIDAAKKAGVNNGNPLDAVQQ,CC(O)c1ccccc1.CC(=O)c1ccccc1,25,CCc1ccccc1>>CC(O)c1ccccc1.CC(=O)c1ccccc1,ttn,"reaction_temperature:25°C;reaction_ph:8.2;reaction_other_conditions:25 µM Sav, 50 µM biotC4-1, 20 mM H2O2, 40% acetone, 5% MeCN, 3 h;reaction_substrate_concentration:10 mM",25.0,,,,,2.0
DEDBL1756,1,Enantioselective Hydroxylation of Benzylic C sp sup 3 sup -H Bonds by an Artificial Iron Hydroxylase Based on the Biotin-Streptavidin Technology,A6,S112Y,100,1,1,0.01,0.01,ATGGCTTCTATGACTGGTGGTCAACAAATGGGTCGTGATCAAGCTGGTATTACTGGTACTTGGTATAATCAACTTGGTTCTACTTTTATTGTTACTGCTGGTGCTGATGGTGCTCTTACTGGTACTTATGAATCTGCTGTTGGTAATGCTGAATCTCGTTATGTTCTTACTGGTCGTTATGATTCTGCTCCTGCTACTGATGGTTCTGGTACTGCTCTTGGTTGGACTGTTGCTTGGAAAAATAATTATCGTAATGCTCATTCTGCTACTACTTGGTCTGGTCAATATGTTGGTGGTGCTGAAGCTCGTATTAATACTCAATGGCTTCTTACTTATGGTACTACTGAAGCTAATGCTTGGAAATCTACTCTTGTTGGTCATGATACTTTTACTAAAGTTAAACCTTCTGCTGCTTCTATTGATGCTGCTAAAAAAGCTGGTGTTAATAATGGTAATCCTCTTGATGCTGTTCAACAA,MASMTGGQQMGRDQAGITGTWYNQLGSTFIVTAGADGALTGTYESAVGNAESRYVLTGRYDSAPATDGSGTALGWTVAWKNNYRNAHSATTWSGQYVGGAEARINTQWLLTYGTTEANAWKSTLVGHDTFTKVKPSAASIDAAKKAGVNNGNPLDAVQQ,CC(O)c1ccccc1.CC(=O)c1ccccc1,20,CCc1ccccc1>>CC(O)c1ccccc1.CC(=O)c1ccccc1,ttn,"reaction_temperature:25°C;reaction_ph:8.2;reaction_other_conditions:25 µM Sav, 50 µM biotC4-1, 20 mM H2O2, 40% acetone, 5% MeCN, 3 h;reaction_substrate_concentration:10 mM",20.0,,,,,0.0
DEDBL1757,1,Enantioselective Hydroxylation of Benzylic C sp sup 3 sup -H Bonds by an Artificial Iron Hydroxylase Based on the Biotin-Streptavidin Technology,A7,S112W,100,1,1,0.01,0.01,ATGGCTTCTATGACTGGTGGTCAACAAATGGGTCGTGATCAAGCTGGTATTACTGGTACTTGGTATAATCAACTTGGTTCTACTTTTATTGTTACTGCTGGTGCTGATGGTGCTCTTACTGGTACTTATGAATCTGCTGTTGGTAATGCTGAATCTCGTTATGTTCTTACTGGTCGTTATGATTCTGCTCCTGCTACTGATGGTTCTGGTACTGCTCTTGGTTGGACTGTTGCTTGGAAAAATAATTATCGTAATGCTCATTCTGCTACTACTTGGTCTGGTCAATATGTTGGTGGTGCTGAAGCTCGTATTAATACTCAATGGCTTCTTACTTGGGGTACTACTGAAGCTAATGCTTGGAAATCTACTCTTGTTGGTCATGATACTTTTACTAAAGTTAAACCTTCTGCTGCTTCTATTGATGCTGCTAAAAAAGCTGGTGTTAATAATGGTAATCCTCTTGATGCTGTTCAACAA,MASMTGGQQMGRDQAGITGTWYNQLGSTFIVTAGADGALTGTYESAVGNAESRYVLTGRYDSAPATDGSGTALGWTVAWKNNYRNAHSATTWSGQYVGGAEARINTQWLLTWGTTEANAWKSTLVGHDTFTKVKPSAASIDAAKKAGVNNGNPLDAVQQ,CC(O)c1ccccc1.CC(=O)c1ccccc1,21,CCc1ccccc1>>CC(O)c1ccccc1.CC(=O)c1ccccc1,ttn,"reaction_temperature:25°C;reaction_ph:8.2;reaction_other_conditions:25 µM Sav, 50 µM biotC4-1, 20 mM H2O2, 40% acetone, 5% MeCN, 3 h;reaction_substrate_concentration:10 mM",21.0,,,,,3.0
DEDBL1758,1,Enantioselective Hydroxylation of Benzylic C sp sup 3 sup -H Bonds by an Artificial Iron Hydroxylase Based on the Biotin-Streptavidin Technology,A8,S112T,100,1,1,0.01,0.01,ATGGCTTCTATGACTGGTGGTCAACAAATGGGTCGTGATCAAGCTGGTATTACTGGTACTTGGTATAATCAACTTGGTTCTACTTTTATTGTTACTGCTGGTGCTGATGGTGCTCTTACTGGTACTTATGAATCTGCTGTTGGTAATGCTGAATCTCGTTATGTTCTTACTGGTCGTTATGATTCTGCTCCTGCTACTGATGGTTCTGGTACTGCTCTTGGTTGGACTGTTGCTTGGAAAAATAATTATCGTAATGCTCATTCTGCTACTACTTGGTCTGGTCAATATGTTGGTGGTGCTGAAGCTCGTATTAATACTCAATGGCTTCTTACTACTGGTACTACTGAAGCTAATGCTTGGAAATCTACTCTTGTTGGTCATGATACTTTTACTAAAGTTAAACCTTCTGCTGCTTCTATTGATGCTGCTAAAAAAGCTGGTGTTAATAATGGTAATCCTCTTGATGCTGTTCAACAA,MASMTGGQQMGRDQAGITGTWYNQLGSTFIVTAGADGALTGTYESAVGNAESRYVLTGRYDSAPATDGSGTALGWTVAWKNNYRNAHSATTWSGQYVGGAEARINTQWLLTTGTTEANAWKSTLVGHDTFTKVKPSAASIDAAKKAGVNNGNPLDAVQQ,CC(O)c1ccccc1.CC(=O)c1ccccc1,30,CCc1ccccc1>>CC(O)c1ccccc1.CC(=O)c1ccccc1,ttn,"reaction_temperature:25°C;reaction_ph:8.2;reaction_other_conditions:25 µM Sav, 50 µM biotC4-1, 20 mM H2O2, 40% acetone, 5% MeCN, 3 h;reaction_substrate_concentration:10 mM",30.0,,,,,-8.0
DEDBL1759,1,Enantioselective Hydroxylation of Benzylic C sp sup 3 sup -H Bonds by an Artificial Iron Hydroxylase Based on the Biotin-Streptavidin Technology,A9,S112Q,100,1,1,0.01,0.01,ATGGCTTCTATGACTGGTGGTCAACAAATGGGTCGTGATCAAGCTGGTATTACTGGTACTTGGTATAATCAACTTGGTTCTACTTTTATTGTTACTGCTGGTGCTGATGGTGCTCTTACTGGTACTTATGAATCTGCTGTTGGTAATGCTGAATCTCGTTATGTTCTTACTGGTCGTTATGATTCTGCTCCTGCTACTGATGGTTCTGGTACTGCTCTTGGTTGGACTGTTGCTTGGAAAAATAATTATCGTAATGCTCATTCTGCTACTACTTGGTCTGGTCAATATGTTGGTGGTGCTGAAGCTCGTATTAATACTCAATGGCTTCTTACTCAAGGTACTACTGAAGCTAATGCTTGGAAATCTACTCTTGTTGGTCATGATACTTTTACTAAAGTTAAACCTTCTGCTGCTTCTATTGATGCTGCTAAAAAAGCTGGTGTTAATAATGGTAATCCTCTTGATGCTGTTCAACAA,MASMTGGQQMGRDQAGITGTWYNQLGSTFIVTAGADGALTGTYESAVGNAESRYVLTGRYDSAPATDGSGTALGWTVAWKNNYRNAHSATTWSGQYVGGAEARINTQWLLTQGTTEANAWKSTLVGHDTFTKVKPSAASIDAAKKAGVNNGNPLDAVQQ,CC(O)c1ccccc1.CC(=O)c1ccccc1,20,CCc1ccccc1>>CC(O)c1ccccc1.CC(=O)c1ccccc1,ttn,"reaction_temperature:25°C;reaction_ph:8.2;reaction_other_conditions:25 µM Sav, 50 µM biotC4-1, 20 mM H2O2, 40% acetone, 5% MeCN, 3 h;reaction_substrate_concentration:10 mM",20.0,,,,,0.0
DEDBL1760,1,Enantioselective Hydroxylation of Benzylic C sp sup 3 sup -H Bonds by an Artificial Iron Hydroxylase Based on the Biotin-Streptavidin Technology,A10,S112R,100,1,1,0.01,0.01,ATGGCTTCTATGACTGGTGGTCAACAAATGGGTCGTGATCAAGCTGGTATTACTGGTACTTGGTATAATCAACTTGGTTCTACTTTTATTGTTACTGCTGGTGCTGATGGTGCTCTTACTGGTACTTATGAATCTGCTGTTGGTAATGCTGAATCTCGTTATGTTCTTACTGGTCGTTATGATTCTGCTCCTGCTACTGATGGTTCTGGTACTGCTCTTGGTTGGACTGTTGCTTGGAAAAATAATTATCGTAATGCTCATTCTGCTACTACTTGGTCTGGTCAATATGTTGGTGGTGCTGAAGCTCGTATTAATACTCAATGGCTTCTTACTCGTGGTACTACTGAAGCTAATGCTTGGAAATCTACTCTTGTTGGTCATGATACTTTTACTAAAGTTAAACCTTCTGCTGCTTCTATTGATGCTGCTAAAAAAGCTGGTGTTAATAATGGTAATCCTCTTGATGCTGTTCAACAA,MASMTGGQQMGRDQAGITGTWYNQLGSTFIVTAGADGALTGTYESAVGNAESRYVLTGRYDSAPATDGSGTALGWTVAWKNNYRNAHSATTWSGQYVGGAEARINTQWLLTRGTTEANAWKSTLVGHDTFTKVKPSAASIDAAKKAGVNNGNPLDAVQQ,CC(O)c1ccccc1.CC(=O)c1ccccc1,28,CCc1ccccc1>>CC(O)c1ccccc1.CC(=O)c1ccccc1,ttn,"reaction_temperature:25°C;reaction_ph:8.2;reaction_other_conditions:25 µM Sav, 50 µM biotC4-1, 20 mM H2O2, 40% acetone, 5% MeCN, 3 h;reaction_substrate_concentration:10 mM",28.0,,,,,8.0
DEDBL1761,1,Enantioselective Hydroxylation of Benzylic C sp sup 3 sup -H Bonds by an Artificial Iron Hydroxylase Based on the Biotin-Streptavidin Technology,A11,S112H,100,1,1,0.01,0.01,ATGGCTTCTATGACTGGTGGTCAACAAATGGGTCGTGATCAAGCTGGTATTACTGGTACTTGGTATAATCAACTTGGTTCTACTTTTATTGTTACTGCTGGTGCTGATGGTGCTCTTACTGGTACTTATGAATCTGCTGTTGGTAATGCTGAATCTCGTTATGTTCTTACTGGTCGTTATGATTCTGCTCCTGCTACTGATGGTTCTGGTACTGCTCTTGGTTGGACTGTTGCTTGGAAAAATAATTATCGTAATGCTCATTCTGCTACTACTTGGTCTGGTCAATATGTTGGTGGTGCTGAAGCTCGTATTAATACTCAATGGCTTCTTACTCATGGTACTACTGAAGCTAATGCTTGGAAATCTACTCTTGTTGGTCATGATACTTTTACTAAAGTTAAACCTTCTGCTGCTTCTATTGATGCTGCTAAAAAAGCTGGTGTTAATAATGGTAATCCTCTTGATGCTGTTCAACAA,MASMTGGQQMGRDQAGITGTWYNQLGSTFIVTAGADGALTGTYESAVGNAESRYVLTGRYDSAPATDGSGTALGWTVAWKNNYRNAHSATTWSGQYVGGAEARINTQWLLTHGTTEANAWKSTLVGHDTFTKVKPSAASIDAAKKAGVNNGNPLDAVQQ,CC(O)c1ccccc1.CC(=O)c1ccccc1,23,CCc1ccccc1>>CC(O)c1ccccc1.CC(=O)c1ccccc1,ttn,"reaction_temperature:25°C;reaction_ph:8.2;reaction_other_conditions:25 µM Sav, 50 µM biotC4-1, 20 mM H2O2, 40% acetone, 5% MeCN, 3 h;reaction_substrate_concentration:10 mM",23.0,,,,,-2.0
DEDBL1762,1,Enantioselective Hydroxylation of Benzylic C sp sup 3 sup -H Bonds by an Artificial Iron Hydroxylase Based on the Biotin-Streptavidin Technology,A12,S112K,100,1,1,0.01,0.01,ATGGCTTCTATGACTGGTGGTCAACAAATGGGTCGTGATCAAGCTGGTATTACTGGTACTTGGTATAATCAACTTGGTTCTACTTTTATTGTTACTGCTGGTGCTGATGGTGCTCTTACTGGTACTTATGAATCTGCTGTTGGTAATGCTGAATCTCGTTATGTTCTTACTGGTCGTTATGATTCTGCTCCTGCTACTGATGGTTCTGGTACTGCTCTTGGTTGGACTGTTGCTTGGAAAAATAATTATCGTAATGCTCATTCTGCTACTACTTGGTCTGGTCAATATGTTGGTGGTGCTGAAGCTCGTATTAATACTCAATGGCTTCTTACTAAAGGTACTACTGAAGCTAATGCTTGGAAATCTACTCTTGTTGGTCATGATACTTTTACTAAAGTTAAACCTTCTGCTGCTTCTATTGATGCTGCTAAAAAAGCTGGTGTTAATAATGGTAATCCTCTTGATGCTGTTCAACAA,MASMTGGQQMGRDQAGITGTWYNQLGSTFIVTAGADGALTGTYESAVGNAESRYVLTGRYDSAPATDGSGTALGWTVAWKNNYRNAHSATTWSGQYVGGAEARINTQWLLTKGTTEANAWKSTLVGHDTFTKVKPSAASIDAAKKAGVNNGNPLDAVQQ,CC(O)c1ccccc1.CC(=O)c1ccccc1,28,CCc1ccccc1>>CC(O)c1ccccc1.CC(=O)c1ccccc1,ttn,"reaction_temperature:25°C;reaction_ph:8.2;reaction_other_conditions:25 µM Sav, 50 µM biotC4-1, 20 mM H2O2, 40% acetone, 5% MeCN, 3 h;reaction_substrate_concentration:10 mM",28.0,,,,,8.0
DEDBL1763,1,Enantioselective Hydroxylation of Benzylic C sp sup 3 sup -H Bonds by an Artificial Iron Hydroxylase Based on the Biotin-Streptavidin Technology,B1,S112E,100,1,1,0.01,0.01,ATGGCTTCTATGACTGGTGGTCAACAAATGGGTCGTGATCAAGCTGGTATTACTGGTACTTGGTATAATCAACTTGGTTCTACTTTTATTGTTACTGCTGGTGCTGATGGTGCTCTTACTGGTACTTATGAATCTGCTGTTGGTAATGCTGAATCTCGTTATGTTCTTACTGGTCGTTATGATTCTGCTCCTGCTACTGATGGTTCTGGTACTGCTCTTGGTTGGACTGTTGCTTGGAAAAATAATTATCGTAATGCTCATTCTGCTACTACTTGGTCTGGTCAATATGTTGGTGGTGCTGAAGCTCGTATTAATACTCAATGGCTTCTTACTGAAGGTACTACTGAAGCTAATGCTTGGAAATCTACTCTTGTTGGTCATGATACTTTTACTAAAGTTAAACCTTCTGCTGCTTCTATTGATGCTGCTAAAAAAGCTGGTGTTAATAATGGTAATCCTCTTGATGCTGTTCAACAA,MASMTGGQQMGRDQAGITGTWYNQLGSTFIVTAGADGALTGTYESAVGNAESRYVLTGRYDSAPATDGSGTALGWTVAWKNNYRNAHSATTWSGQYVGGAEARINTQWLLTEGTTEANAWKSTLVGHDTFTKVKPSAASIDAAKKAGVNNGNPLDAVQQ,CC(O)c1ccccc1.CC(=O)c1ccccc1,24,CCc1ccccc1>>CC(O)c1ccccc1.CC(=O)c1ccccc1,ttn,"reaction_temperature:25°C;reaction_ph:8.2;reaction_other_conditions:25 µM Sav, 50 µM biotC4-1, 20 mM H2O2, 40% acetone, 5% MeCN, 3 h;reaction_substrate_concentration:10 mM",24.0,,,,,-1.0
DEDBL1764,1,Enantioselective Hydroxylation of Benzylic C sp sup 3 sup -H Bonds by an Artificial Iron Hydroxylase Based on the Biotin-Streptavidin Technology,B2,S112C,100,1,1,0.01,0.01,ATGGCTTCTATGACTGGTGGTCAACAAATGGGTCGTGATCAAGCTGGTATTACTGGTACTTGGTATAATCAACTTGGTTCTACTTTTATTGTTACTGCTGGTGCTGATGGTGCTCTTACTGGTACTTATGAATCTGCTGTTGGTAATGCTGAATCTCGTTATGTTCTTACTGGTCGTTATGATTCTGCTCCTGCTACTGATGGTTCTGGTACTGCTCTTGGTTGGACTGTTGCTTGGAAAAATAATTATCGTAATGCTCATTCTGCTACTACTTGGTCTGGTCAATATGTTGGTGGTGCTGAAGCTCGTATTAATACTCAATGGCTTCTTACTTGTGGTACTACTGAAGCTAATGCTTGGAAATCTACTCTTGTTGGTCATGATACTTTTACTAAAGTTAAACCTTCTGCTGCTTCTATTGATGCTGCTAAAAAAGCTGGTGTTAATAATGGTAATCCTCTTGATGCTGTTCAACAA,MASMTGGQQMGRDQAGITGTWYNQLGSTFIVTAGADGALTGTYESAVGNAESRYVLTGRYDSAPATDGSGTALGWTVAWKNNYRNAHSATTWSGQYVGGAEARINTQWLLTCGTTEANAWKSTLVGHDTFTKVKPSAASIDAAKKAGVNNGNPLDAVQQ,CC(O)c1ccccc1.CC(=O)c1ccccc1,18,CCc1ccccc1>>CC(O)c1ccccc1.CC(=O)c1ccccc1,ttn,"reaction_temperature:25°C;reaction_ph:8.2;reaction_other_conditions:25 µM Sav, 50 µM biotC4-1, 20 mM H2O2, 40% acetone, 5% MeCN, 3 h;reaction_substrate_concentration:10 mM",18.0,,,,,-1.0
DEDBL1765,1,Enantioselective Hydroxylation of Benzylic C sp sup 3 sup -H Bonds by an Artificial Iron Hydroxylase Based on the Biotin-Streptavidin Technology,B3,S112P,100,1,1,0.01,0.01,ATGGCTTCTATGACTGGTGGTCAACAAATGGGTCGTGATCAAGCTGGTATTACTGGTACTTGGTATAATCAACTTGGTTCTACTTTTATTGTTACTGCTGGTGCTGATGGTGCTCTTACTGGTACTTATGAATCTGCTGTTGGTAATGCTGAATCTCGTTATGTTCTTACTGGTCGTTATGATTCTGCTCCTGCTACTGATGGTTCTGGTACTGCTCTTGGTTGGACTGTTGCTTGGAAAAATAATTATCGTAATGCTCATTCTGCTACTACTTGGTCTGGTCAATATGTTGGTGGTGCTGAAGCTCGTATTAATACTCAATGGCTTCTTACTCCTGGTACTACTGAAGCTAATGCTTGGAAATCTACTCTTGTTGGTCATGATACTTTTACTAAAGTTAAACCTTCTGCTGCTTCTATTGATGCTGCTAAAAAAGCTGGTGTTAATAATGGTAATCCTCTTGATGCTGTTCAACAA,MASMTGGQQMGRDQAGITGTWYNQLGSTFIVTAGADGALTGTYESAVGNAESRYVLTGRYDSAPATDGSGTALGWTVAWKNNYRNAHSATTWSGQYVGGAEARINTQWLLTPGTTEANAWKSTLVGHDTFTKVKPSAASIDAAKKAGVNNGNPLDAVQQ,CC(O)c1ccccc1.CC(=O)c1ccccc1,9,CCc1ccccc1>>CC(O)c1ccccc1.CC(=O)c1ccccc1,ttn,"reaction_temperature:25°C;reaction_ph:8.2;reaction_other_conditions:25 µM Sav, 50 µM biotC4-1, 20 mM H2O2, 40% acetone, 5% MeCN, 3 h;reaction_substrate_concentration:10 mM",9.0,,,,,1.0
DEDBL1766,1,Enantioselective Hydroxylation of Benzylic C sp sup 3 sup -H Bonds by an Artificial Iron Hydroxylase Based on the Biotin-Streptavidin Technology,B4,S112G,100,1,1,0.01,0.01,ATGGCTTCTATGACTGGTGGTCAACAAATGGGTCGTGATCAAGCTGGTATTACTGGTACTTGGTATAATCAACTTGGTTCTACTTTTATTGTTACTGCTGGTGCTGATGGTGCTCTTACTGGTACTTATGAATCTGCTGTTGGTAATGCTGAATCTCGTTATGTTCTTACTGGTCGTTATGATTCTGCTCCTGCTACTGATGGTTCTGGTACTGCTCTTGGTTGGACTGTTGCTTGGAAAAATAATTATCGTAATGCTCATTCTGCTACTACTTGGTCTGGTCAATATGTTGGTGGTGCTGAAGCTCGTATTAATACTCAATGGCTTCTTACTGGTGGTACTACTGAAGCTAATGCTTGGAAATCTACTCTTGTTGGTCATGATACTTTTACTAAAGTTAAACCTTCTGCTGCTTCTATTGATGCTGCTAAAAAAGCTGGTGTTAATAATGGTAATCCTCTTGATGCTGTTCAACAA,MASMTGGQQMGRDQAGITGTWYNQLGSTFIVTAGADGALTGTYESAVGNAESRYVLTGRYDSAPATDGSGTALGWTVAWKNNYRNAHSATTWSGQYVGGAEARINTQWLLTGGTTEANAWKSTLVGHDTFTKVKPSAASIDAAKKAGVNNGNPLDAVQQ,CC(O)c1ccccc1.CC(=O)c1ccccc1,24,CCc1ccccc1>>CC(O)c1ccccc1.CC(=O)c1ccccc1,ttn,"reaction_temperature:25°C;reaction_ph:8.2;reaction_other_conditions:25 µM Sav, 50 µM biotC4-1, 20 mM H2O2, 40% acetone, 5% MeCN, 3 h;reaction_substrate_concentration:10 mM",24.0,,,,,-1.0
DEDBL1767,1,Enantioselective Hydroxylation of Benzylic C sp sup 3 sup -H Bonds by an Artificial Iron Hydroxylase Based on the Biotin-Streptavidin Technology,B5,K121A,100,1,1,0.01,0.01,ATGGCTTCTATGACTGGTGGTCAACAAATGGGTCGTGATCAAGCTGGTATTACTGGTACTTGGTATAATCAACTTGGTTCTACTTTTATTGTTACTGCTGGTGCTGATGGTGCTCTTACTGGTACTTATGAATCTGCTGTTGGTAATGCTGAATCTCGTTATGTTCTTACTGGTCGTTATGATTCTGCTCCTGCTACTGATGGTTCTGGTACTGCTCTTGGTTGGACTGTTGCTTGGAAAAATAATTATCGTAATGCTCATTCTGCTACTACTTGGTCTGGTCAATATGTTGGTGGTGCTGAAGCTCGTATTAATACTCAATGGCTTCTTACTTCTGGTACTACTGAAGCTAATGCTTGGGCTTCTACTCTTGTTGGTCATGATACTTTTACTAAAGTTAAACCTTCTGCTGCTTCTATTGATGCTGCTAAAAAAGCTGGTGTTAATAATGGTAATCCTCTTGATGCTGTTCAACAA,MASMTGGQQMGRDQAGITGTWYNQLGSTFIVTAGADGALTGTYESAVGNAESRYVLTGRYDSAPATDGSGTALGWTVAWKNNYRNAHSATTWSGQYVGGAEARINTQWLLTSGTTEANAWASTLVGHDTFTKVKPSAASIDAAKKAGVNNGNPLDAVQQ,CC(O)c1ccccc1.CC(=O)c1ccccc1,26,CCc1ccccc1>>CC(O)c1ccccc1.CC(=O)c1ccccc1,ttn,"reaction_temperature:25°C;reaction_ph:8.2;reaction_other_conditions:25 µM Sav, 50 µM biotC4-1, 20 mM H2O2, 40% acetone, 5% MeCN, 3 h;reaction_substrate_concentration:10 mM",26.0,,,,,0.0
DEDBL1768,1,Enantioselective Hydroxylation of Benzylic C sp sup 3 sup -H Bonds by an Artificial Iron Hydroxylase Based on the Biotin-Streptavidin Technology,B6,K121V,100,1,1,0.01,0.01,ATGGCTTCTATGACTGGTGGTCAACAAATGGGTCGTGATCAAGCTGGTATTACTGGTACTTGGTATAATCAACTTGGTTCTACTTTTATTGTTACTGCTGGTGCTGATGGTGCTCTTACTGGTACTTATGAATCTGCTGTTGGTAATGCTGAATCTCGTTATGTTCTTACTGGTCGTTATGATTCTGCTCCTGCTACTGATGGTTCTGGTACTGCTCTTGGTTGGACTGTTGCTTGGAAAAATAATTATCGTAATGCTCATTCTGCTACTACTTGGTCTGGTCAATATGTTGGTGGTGCTGAAGCTCGTATTAATACTCAATGGCTTCTTACTTCTGGTACTACTGAAGCTAATGCTTGGGTTTCTACTCTTGTTGGTCATGATACTTTTACTAAAGTTAAACCTTCTGCTGCTTCTATTGATGCTGCTAAAAAAGCTGGTGTTAATAATGGTAATCCTCTTGATGCTGTTCAACAA,MASMTGGQQMGRDQAGITGTWYNQLGSTFIVTAGADGALTGTYESAVGNAESRYVLTGRYDSAPATDGSGTALGWTVAWKNNYRNAHSATTWSGQYVGGAEARINTQWLLTSGTTEANAWVSTLVGHDTFTKVKPSAASIDAAKKAGVNNGNPLDAVQQ,CC(O)c1ccccc1.CC(=O)c1ccccc1,27,CCc1ccccc1>>CC(O)c1ccccc1.CC(=O)c1ccccc1,ttn,"reaction_temperature:25°C;reaction_ph:8.2;reaction_other_conditions:25 µM Sav, 50 µM biotC4-1, 20 mM H2O2, 40% acetone, 5% MeCN, 3 h;reaction_substrate_concentration:10 mM",27.0,,,,,-6.0
DEDBL1769,1,Enantioselective Hydroxylation of Benzylic C sp sup 3 sup -H Bonds by an Artificial Iron Hydroxylase Based on the Biotin-Streptavidin Technology,B7,K121I,100,1,1,0.01,0.01,ATGGCTTCTATGACTGGTGGTCAACAAATGGGTCGTGATCAAGCTGGTATTACTGGTACTTGGTATAATCAACTTGGTTCTACTTTTATTGTTACTGCTGGTGCTGATGGTGCTCTTACTGGTACTTATGAATCTGCTGTTGGTAATGCTGAATCTCGTTATGTTCTTACTGGTCGTTATGATTCTGCTCCTGCTACTGATGGTTCTGGTACTGCTCTTGGTTGGACTGTTGCTTGGAAAAATAATTATCGTAATGCTCATTCTGCTACTACTTGGTCTGGTCAATATGTTGGTGGTGCTGAAGCTCGTATTAATACTCAATGGCTTCTTACTTCTGGTACTACTGAAGCTAATGCTTGGATTTCTACTCTTGTTGGTCATGATACTTTTACTAAAGTTAAACCTTCTGCTGCTTCTATTGATGCTGCTAAAAAAGCTGGTGTTAATAATGGTAATCCTCTTGATGCTGTTCAACAA,MASMTGGQQMGRDQAGITGTWYNQLGSTFIVTAGADGALTGTYESAVGNAESRYVLTGRYDSAPATDGSGTALGWTVAWKNNYRNAHSATTWSGQYVGGAEARINTQWLLTSGTTEANAWISTLVGHDTFTKVKPSAASIDAAKKAGVNNGNPLDAVQQ,CC(O)c1ccccc1.CC(=O)c1ccccc1,24,CCc1ccccc1>>CC(O)c1ccccc1.CC(=O)c1ccccc1,ttn,"reaction_temperature:25°C;reaction_ph:8.2;reaction_other_conditions:25 µM Sav, 50 µM biotC4-1, 20 mM H2O2, 40% acetone, 5% MeCN, 3 h;reaction_substrate_concentration:10 mM",24.0,,,,,-1.0
DEDBL1770,1,Enantioselective Hydroxylation of Benzylic C sp sup 3 sup -H Bonds by an Artificial Iron Hydroxylase Based on the Biotin-Streptavidin Technology,B8,K121M,100,1,1,0.01,0.01,ATGGCTTCTATGACTGGTGGTCAACAAATGGGTCGTGATCAAGCTGGTATTACTGGTACTTGGTATAATCAACTTGGTTCTACTTTTATTGTTACTGCTGGTGCTGATGGTGCTCTTACTGGTACTTATGAATCTGCTGTTGGTAATGCTGAATCTCGTTATGTTCTTACTGGTCGTTATGATTCTGCTCCTGCTACTGATGGTTCTGGTACTGCTCTTGGTTGGACTGTTGCTTGGAAAAATAATTATCGTAATGCTCATTCTGCTACTACTTGGTCTGGTCAATATGTTGGTGGTGCTGAAGCTCGTATTAATACTCAATGGCTTCTTACTTCTGGTACTACTGAAGCTAATGCTTGGATGTCTACTCTTGTTGGTCATGATACTTTTACTAAAGTTAAACCTTCTGCTGCTTCTATTGATGCTGCTAAAAAAGCTGGTGTTAATAATGGTAATCCTCTTGATGCTGTTCAACAA,MASMTGGQQMGRDQAGITGTWYNQLGSTFIVTAGADGALTGTYESAVGNAESRYVLTGRYDSAPATDGSGTALGWTVAWKNNYRNAHSATTWSGQYVGGAEARINTQWLLTSGTTEANAWMSTLVGHDTFTKVKPSAASIDAAKKAGVNNGNPLDAVQQ,CC(O)c1ccccc1.CC(=O)c1ccccc1,33,CCc1ccccc1>>CC(O)c1ccccc1.CC(=O)c1ccccc1,ttn,"reaction_temperature:25°C;reaction_ph:8.2;reaction_other_conditions:25 µM Sav, 50 µM biotC4-1, 20 mM H2O2, 40% acetone, 5% MeCN, 3 h;reaction_substrate_concentration:10 mM",33.0,,,,,-16.0
DEDBL1771,1,Enantioselective Hydroxylation of Benzylic C sp sup 3 sup -H Bonds by an Artificial Iron Hydroxylase Based on the Biotin-Streptavidin Technology,B9,K121F,100,1,1,0.01,0.01,ATGGCTTCTATGACTGGTGGTCAACAAATGGGTCGTGATCAAGCTGGTATTACTGGTACTTGGTATAATCAACTTGGTTCTACTTTTATTGTTACTGCTGGTGCTGATGGTGCTCTTACTGGTACTTATGAATCTGCTGTTGGTAATGCTGAATCTCGTTATGTTCTTACTGGTCGTTATGATTCTGCTCCTGCTACTGATGGTTCTGGTACTGCTCTTGGTTGGACTGTTGCTTGGAAAAATAATTATCGTAATGCTCATTCTGCTACTACTTGGTCTGGTCAATATGTTGGTGGTGCTGAAGCTCGTATTAATACTCAATGGCTTCTTACTTCTGGTACTACTGAAGCTAATGCTTGGTTTTCTACTCTTGTTGGTCATGATACTTTTACTAAAGTTAAACCTTCTGCTGCTTCTATTGATGCTGCTAAAAAAGCTGGTGTTAATAATGGTAATCCTCTTGATGCTGTTCAACAA,MASMTGGQQMGRDQAGITGTWYNQLGSTFIVTAGADGALTGTYESAVGNAESRYVLTGRYDSAPATDGSGTALGWTVAWKNNYRNAHSATTWSGQYVGGAEARINTQWLLTSGTTEANAWFSTLVGHDTFTKVKPSAASIDAAKKAGVNNGNPLDAVQQ,CC(O)c1ccccc1.CC(=O)c1ccccc1,23,CCc1ccccc1>>CC(O)c1ccccc1.CC(=O)c1ccccc1,ttn,"reaction_temperature:25°C;reaction_ph:8.2;reaction_other_conditions:25 µM Sav, 50 µM biotC4-1, 20 mM H2O2, 40% acetone, 5% MeCN, 3 h;reaction_substrate_concentration:10 mM",23.0,,,,,-2.0
DEDBL1772,1,Enantioselective Hydroxylation of Benzylic C sp sup 3 sup -H Bonds by an Artificial Iron Hydroxylase Based on the Biotin-Streptavidin Technology,B10,K121W,100,1,1,0.01,0.01,ATGGCTTCTATGACTGGTGGTCAACAAATGGGTCGTGATCAAGCTGGTATTACTGGTACTTGGTATAATCAACTTGGTTCTACTTTTATTGTTACTGCTGGTGCTGATGGTGCTCTTACTGGTACTTATGAATCTGCTGTTGGTAATGCTGAATCTCGTTATGTTCTTACTGGTCGTTATGATTCTGCTCCTGCTACTGATGGTTCTGGTACTGCTCTTGGTTGGACTGTTGCTTGGAAAAATAATTATCGTAATGCTCATTCTGCTACTACTTGGTCTGGTCAATATGTTGGTGGTGCTGAAGCTCGTATTAATACTCAATGGCTTCTTACTTCTGGTACTACTGAAGCTAATGCTTGGTGGTCTACTCTTGTTGGTCATGATACTTTTACTAAAGTTAAACCTTCTGCTGCTTCTATTGATGCTGCTAAAAAAGCTGGTGTTAATAATGGTAATCCTCTTGATGCTGTTCAACAA,MASMTGGQQMGRDQAGITGTWYNQLGSTFIVTAGADGALTGTYESAVGNAESRYVLTGRYDSAPATDGSGTALGWTVAWKNNYRNAHSATTWSGQYVGGAEARINTQWLLTSGTTEANAWWSTLVGHDTFTKVKPSAASIDAAKKAGVNNGNPLDAVQQ,CC(O)c1ccccc1.CC(=O)c1ccccc1,20,CCc1ccccc1>>CC(O)c1ccccc1.CC(=O)c1ccccc1,ttn,"reaction_temperature:25°C;reaction_ph:8.2;reaction_other_conditions:25 µM Sav, 50 µM biotC4-1, 20 mM H2O2, 40% acetone, 5% MeCN, 3 h;reaction_substrate_concentration:10 mM",20.0,,,,,0.0
DEDBL1773,1,Enantioselective Hydroxylation of Benzylic C sp sup 3 sup -H Bonds by an Artificial Iron Hydroxylase Based on the Biotin-Streptavidin Technology,B11,K121S,100,1,1,0.01,0.01,ATGGCTTCTATGACTGGTGGTCAACAAATGGGTCGTGATCAAGCTGGTATTACTGGTACTTGGTATAATCAACTTGGTTCTACTTTTATTGTTACTGCTGGTGCTGATGGTGCTCTTACTGGTACTTATGAATCTGCTGTTGGTAATGCTGAATCTCGTTATGTTCTTACTGGTCGTTATGATTCTGCTCCTGCTACTGATGGTTCTGGTACTGCTCTTGGTTGGACTGTTGCTTGGAAAAATAATTATCGTAATGCTCATTCTGCTACTACTTGGTCTGGTCAATATGTTGGTGGTGCTGAAGCTCGTATTAATACTCAATGGCTTCTTACTTCTGGTACTACTGAAGCTAATGCTTGGTCTTCTACTCTTGTTGGTCATGATACTTTTACTAAAGTTAAACCTTCTGCTGCTTCTATTGATGCTGCTAAAAAAGCTGGTGTTAATAATGGTAATCCTCTTGATGCTGTTCAACAA,MASMTGGQQMGRDQAGITGTWYNQLGSTFIVTAGADGALTGTYESAVGNAESRYVLTGRYDSAPATDGSGTALGWTVAWKNNYRNAHSATTWSGQYVGGAEARINTQWLLTSGTTEANAWSSTLVGHDTFTKVKPSAASIDAAKKAGVNNGNPLDAVQQ,CC(O)c1ccccc1.CC(=O)c1ccccc1,19,CCc1ccccc1>>CC(O)c1ccccc1.CC(=O)c1ccccc1,ttn,"reaction_temperature:25°C;reaction_ph:8.2;reaction_other_conditions:25 µM Sav, 50 µM biotC4-1, 20 mM H2O2, 40% acetone, 5% MeCN, 3 h;reaction_substrate_concentration:10 mM",19.0,,,,,-9.0
DEDBL1774,1,Enantioselective Hydroxylation of Benzylic C sp sup 3 sup -H Bonds by an Artificial Iron Hydroxylase Based on the Biotin-Streptavidin Technology,B12,K121P,100,1,1,0.01,0.01,ATGGCTTCTATGACTGGTGGTCAACAAATGGGTCGTGATCAAGCTGGTATTACTGGTACTTGGTATAATCAACTTGGTTCTACTTTTATTGTTACTGCTGGTGCTGATGGTGCTCTTACTGGTACTTATGAATCTGCTGTTGGTAATGCTGAATCTCGTTATGTTCTTACTGGTCGTTATGATTCTGCTCCTGCTACTGATGGTTCTGGTACTGCTCTTGGTTGGACTGTTGCTTGGAAAAATAATTATCGTAATGCTCATTCTGCTACTACTTGGTCTGGTCAATATGTTGGTGGTGCTGAAGCTCGTATTAATACTCAATGGCTTCTTACTTCTGGTACTACTGAAGCTAATGCTTGGCCTTCTACTCTTGTTGGTCATGATACTTTTACTAAAGTTAAACCTTCTGCTGCTTCTATTGATGCTGCTAAAAAAGCTGGTGTTAATAATGGTAATCCTCTTGATGCTGTTCAACAA,MASMTGGQQMGRDQAGITGTWYNQLGSTFIVTAGADGALTGTYESAVGNAESRYVLTGRYDSAPATDGSGTALGWTVAWKNNYRNAHSATTWSGQYVGGAEARINTQWLLTSGTTEANAWPSTLVGHDTFTKVKPSAASIDAAKKAGVNNGNPLDAVQQ,CC(O)c1ccccc1.CC(=O)c1ccccc1,28,CCc1ccccc1>>CC(O)c1ccccc1.CC(=O)c1ccccc1,ttn,"reaction_temperature:25°C;reaction_ph:8.2;reaction_other_conditions:25 µM Sav, 50 µM biotC4-1, 20 mM H2O2, 40% acetone, 5% MeCN, 3 h;reaction_substrate_concentration:10 mM",28.0,,,,,8.0
DEDBL1775,1,Enantioselective Hydroxylation of Benzylic C sp sup 3 sup -H Bonds by an Artificial Iron Hydroxylase Based on the Biotin-Streptavidin Technology,C1,K121R,100,1,1,0.01,0.01,ATGGCTTCTATGACTGGTGGTCAACAAATGGGTCGTGATCAAGCTGGTATTACTGGTACTTGGTATAATCAACTTGGTTCTACTTTTATTGTTACTGCTGGTGCTGATGGTGCTCTTACTGGTACTTATGAATCTGCTGTTGGTAATGCTGAATCTCGTTATGTTCTTACTGGTCGTTATGATTCTGCTCCTGCTACTGATGGTTCTGGTACTGCTCTTGGTTGGACTGTTGCTTGGAAAAATAATTATCGTAATGCTCATTCTGCTACTACTTGGTCTGGTCAATATGTTGGTGGTGCTGAAGCTCGTATTAATACTCAATGGCTTCTTACTTCTGGTACTACTGAAGCTAATGCTTGGCGTTCTACTCTTGTTGGTCATGATACTTTTACTAAAGTTAAACCTTCTGCTGCTTCTATTGATGCTGCTAAAAAAGCTGGTGTTAATAATGGTAATCCTCTTGATGCTGTTCAACAA,MASMTGGQQMGRDQAGITGTWYNQLGSTFIVTAGADGALTGTYESAVGNAESRYVLTGRYDSAPATDGSGTALGWTVAWKNNYRNAHSATTWSGQYVGGAEARINTQWLLTSGTTEANAWRSTLVGHDTFTKVKPSAASIDAAKKAGVNNGNPLDAVQQ,CC(O)c1ccccc1.CC(=O)c1ccccc1,27,CCc1ccccc1>>CC(O)c1ccccc1.CC(=O)c1ccccc1,ttn,"reaction_temperature:25°C;reaction_ph:8.2;reaction_other_conditions:25 µM Sav, 50 µM biotC4-1, 20 mM H2O2, 40% acetone, 5% MeCN, 3 h;reaction_substrate_concentration:10 mM",27.0,,,,,-6.0
DEDBL1776,1,Enantioselective Hydroxylation of Benzylic C sp sup 3 sup -H Bonds by an Artificial Iron Hydroxylase Based on the Biotin-Streptavidin Technology,C2,K121H,100,1,1,0.01,0.01,ATGGCTTCTATGACTGGTGGTCAACAAATGGGTCGTGATCAAGCTGGTATTACTGGTACTTGGTATAATCAACTTGGTTCTACTTTTATTGTTACTGCTGGTGCTGATGGTGCTCTTACTGGTACTTATGAATCTGCTGTTGGTAATGCTGAATCTCGTTATGTTCTTACTGGTCGTTATGATTCTGCTCCTGCTACTGATGGTTCTGGTACTGCTCTTGGTTGGACTGTTGCTTGGAAAAATAATTATCGTAATGCTCATTCTGCTACTACTTGGTCTGGTCAATATGTTGGTGGTGCTGAAGCTCGTATTAATACTCAATGGCTTCTTACTTCTGGTACTACTGAAGCTAATGCTTGGCATTCTACTCTTGTTGGTCATGATACTTTTACTAAAGTTAAACCTTCTGCTGCTTCTATTGATGCTGCTAAAAAAGCTGGTGTTAATAATGGTAATCCTCTTGATGCTGTTCAACAA,MASMTGGQQMGRDQAGITGTWYNQLGSTFIVTAGADGALTGTYESAVGNAESRYVLTGRYDSAPATDGSGTALGWTVAWKNNYRNAHSATTWSGQYVGGAEARINTQWLLTSGTTEANAWHSTLVGHDTFTKVKPSAASIDAAKKAGVNNGNPLDAVQQ,CC(O)c1ccccc1.CC(=O)c1ccccc1,5,CCc1ccccc1>>CC(O)c1ccccc1.CC(=O)c1ccccc1,ttn,"reaction_temperature:25°C;reaction_ph:8.2;reaction_other_conditions:25 µM Sav, 50 µM biotC4-1, 20 mM H2O2, 40% acetone, 5% MeCN, 3 h;reaction_substrate_concentration:10 mM",5.0,,,,,0.0
DEDBL1777,1,Enantioselective Hydroxylation of Benzylic C sp sup 3 sup -H Bonds by an Artificial Iron Hydroxylase Based on the Biotin-Streptavidin Technology,C3,K121D,100,1,1,0.01,0.01,ATGGCTTCTATGACTGGTGGTCAACAAATGGGTCGTGATCAAGCTGGTATTACTGGTACTTGGTATAATCAACTTGGTTCTACTTTTATTGTTACTGCTGGTGCTGATGGTGCTCTTACTGGTACTTATGAATCTGCTGTTGGTAATGCTGAATCTCGTTATGTTCTTACTGGTCGTTATGATTCTGCTCCTGCTACTGATGGTTCTGGTACTGCTCTTGGTTGGACTGTTGCTTGGAAAAATAATTATCGTAATGCTCATTCTGCTACTACTTGGTCTGGTCAATATGTTGGTGGTGCTGAAGCTCGTATTAATACTCAATGGCTTCTTACTTCTGGTACTACTGAAGCTAATGCTTGGGATTCTACTCTTGTTGGTCATGATACTTTTACTAAAGTTAAACCTTCTGCTGCTTCTATTGATGCTGCTAAAAAAGCTGGTGTTAATAATGGTAATCCTCTTGATGCTGTTCAACAA,MASMTGGQQMGRDQAGITGTWYNQLGSTFIVTAGADGALTGTYESAVGNAESRYVLTGRYDSAPATDGSGTALGWTVAWKNNYRNAHSATTWSGQYVGGAEARINTQWLLTSGTTEANAWDSTLVGHDTFTKVKPSAASIDAAKKAGVNNGNPLDAVQQ,CC(O)c1ccccc1.CC(=O)c1ccccc1,25,CCc1ccccc1>>CC(O)c1ccccc1.CC(=O)c1ccccc1,ttn,"reaction_temperature:25°C;reaction_ph:8.2;reaction_other_conditions:25 µM Sav, 50 µM biotC4-1, 20 mM H2O2, 40% acetone, 5% MeCN, 3 h;reaction_substrate_concentration:10 mM",25.0,,,,,2.0
DEDBL1778,1,Enantioselective Hydroxylation of Benzylic C sp sup 3 sup -H Bonds by an Artificial Iron Hydroxylase Based on the Biotin-Streptavidin Technology,C4,K121C,100,1,1,0.01,0.01,ATGGCTTCTATGACTGGTGGTCAACAAATGGGTCGTGATCAAGCTGGTATTACTGGTACTTGGTATAATCAACTTGGTTCTACTTTTATTGTTACTGCTGGTGCTGATGGTGCTCTTACTGGTACTTATGAATCTGCTGTTGGTAATGCTGAATCTCGTTATGTTCTTACTGGTCGTTATGATTCTGCTCCTGCTACTGATGGTTCTGGTACTGCTCTTGGTTGGACTGTTGCTTGGAAAAATAATTATCGTAATGCTCATTCTGCTACTACTTGGTCTGGTCAATATGTTGGTGGTGCTGAAGCTCGTATTAATACTCAATGGCTTCTTACTTCTGGTACTACTGAAGCTAATGCTTGGTGTTCTACTCTTGTTGGTCATGATACTTTTACTAAAGTTAAACCTTCTGCTGCTTCTATTGATGCTGCTAAAAAAGCTGGTGTTAATAATGGTAATCCTCTTGATGCTGTTCAACAA,MASMTGGQQMGRDQAGITGTWYNQLGSTFIVTAGADGALTGTYESAVGNAESRYVLTGRYDSAPATDGSGTALGWTVAWKNNYRNAHSATTWSGQYVGGAEARINTQWLLTSGTTEANAWCSTLVGHDTFTKVKPSAASIDAAKKAGVNNGNPLDAVQQ,CC(O)c1ccccc1.CC(=O)c1ccccc1,23,CCc1ccccc1>>CC(O)c1ccccc1.CC(=O)c1ccccc1,ttn,"reaction_temperature:25°C;reaction_ph:8.2;reaction_other_conditions:25 µM Sav, 50 µM biotC4-1, 20 mM H2O2, 40% acetone, 5% MeCN, 3 h;reaction_substrate_concentration:10 mM",23.0,,,,,-2.0
DEDBL1779,1,Enantioselective Hydroxylation of Benzylic C sp sup 3 sup -H Bonds by an Artificial Iron Hydroxylase Based on the Biotin-Streptavidin Technology,C5,S112A_K121L,100,1,1,0.01,0.01,ATGGCTTCTATGACTGGTGGTCAACAAATGGGTCGTGATCAAGCTGGTATTACTGGTACTTGGTATAATCAACTTGGTTCTACTTTTATTGTTACTGCTGGTGCTGATGGTGCTCTTACTGGTACTTATGAATCTGCTGTTGGTAATGCTGAATCTCGTTATGTTCTTACTGGTCGTTATGATTCTGCTCCTGCTACTGATGGTTCTGGTACTGCTCTTGGTTGGACTGTTGCTTGGAAAAATAATTATCGTAATGCTCATTCTGCTACTACTTGGTCTGGTCAATATGTTGGTGGTGCTGAAGCTCGTATTAATACTCAATGGCTTCTTACTGCTGGTACTACTGAAGCTAATGCTTGGCTTTCTACTCTTGTTGGTCATGATACTTTTACTAAAGTTAAACCTTCTGCTGCTTCTATTGATGCTGCTAAAAAAGCTGGTGTTAATAATGGTAATCCTCTTGATGCTGTTCAACAA,MASMTGGQQMGRDQAGITGTWYNQLGSTFIVTAGADGALTGTYESAVGNAESRYVLTGRYDSAPATDGSGTALGWTVAWKNNYRNAHSATTWSGQYVGGAEARINTQWLLTAGTTEANAWLSTLVGHDTFTKVKPSAASIDAAKKAGVNNGNPLDAVQQ,CC(O)c1ccccc1.CC(=O)c1ccccc1,30,CCc1ccccc1>>CC(O)c1ccccc1.CC(=O)c1ccccc1,ttn,"reaction_temperature:25°C;reaction_ph:8.2;reaction_other_conditions:25 µM Sav, 50 µM biotC4-1, 20 mM H2O2, 40% acetone, 5% MeCN, 3 h;reaction_substrate_concentration:10 mM",30.0,,,,,-8.0
DEDBL1780,1,Enantioselective Hydroxylation of Benzylic C sp sup 3 sup -H Bonds by an Artificial Iron Hydroxylase Based on the Biotin-Streptavidin Technology,C6,S112Y_K121R,100,1,1,0.01,0.01,ATGGCTTCTATGACTGGTGGTCAACAAATGGGTCGTGATCAAGCTGGTATTACTGGTACTTGGTATAATCAACTTGGTTCTACTTTTATTGTTACTGCTGGTGCTGATGGTGCTCTTACTGGTACTTATGAATCTGCTGTTGGTAATGCTGAATCTCGTTATGTTCTTACTGGTCGTTATGATTCTGCTCCTGCTACTGATGGTTCTGGTACTGCTCTTGGTTGGACTGTTGCTTGGAAAAATAATTATCGTAATGCTCATTCTGCTACTACTTGGTCTGGTCAATATGTTGGTGGTGCTGAAGCTCGTATTAATACTCAATGGCTTCTTACTTATGGTACTACTGAAGCTAATGCTTGGCGTTCTACTCTTGTTGGTCATGATACTTTTACTAAAGTTAAACCTTCTGCTGCTTCTATTGATGCTGCTAAAAAAGCTGGTGTTAATAATGGTAATCCTCTTGATGCTGTTCAACAA,MASMTGGQQMGRDQAGITGTWYNQLGSTFIVTAGADGALTGTYESAVGNAESRYVLTGRYDSAPATDGSGTALGWTVAWKNNYRNAHSATTWSGQYVGGAEARINTQWLLTYGTTEANAWRSTLVGHDTFTKVKPSAASIDAAKKAGVNNGNPLDAVQQ,CC(O)c1ccccc1.CC(=O)c1ccccc1,12,CCc1ccccc1>>CC(O)c1ccccc1.CC(=O)c1ccccc1,ttn,"reaction_temperature:25°C;reaction_ph:8.2;reaction_other_conditions:25 µM Sav, 50 µM biotC4-1, 20 mM H2O2, 40% acetone, 5% MeCN, 3 h;reaction_substrate_concentration:10 mM",12.0,,,,,-9.0
DEDBL1781,1,Enantioselective Hydroxylation of Benzylic C sp sup 3 sup -H Bonds by an Artificial Iron Hydroxylase Based on the Biotin-Streptavidin Technology,C7,S112R_K121E,100,1,1,0.01,0.01,ATGGCTTCTATGACTGGTGGTCAACAAATGGGTCGTGATCAAGCTGGTATTACTGGTACTTGGTATAATCAACTTGGTTCTACTTTTATTGTTACTGCTGGTGCTGATGGTGCTCTTACTGGTACTTATGAATCTGCTGTTGGTAATGCTGAATCTCGTTATGTTCTTACTGGTCGTTATGATTCTGCTCCTGCTACTGATGGTTCTGGTACTGCTCTTGGTTGGACTGTTGCTTGGAAAAATAATTATCGTAATGCTCATTCTGCTACTACTTGGTCTGGTCAATATGTTGGTGGTGCTGAAGCTCGTATTAATACTCAATGGCTTCTTACTCGTGGTACTACTGAAGCTAATGCTTGGGAATCTACTCTTGTTGGTCATGATACTTTTACTAAAGTTAAACCTTCTGCTGCTTCTATTGATGCTGCTAAAAAAGCTGGTGTTAATAATGGTAATCCTCTTGATGCTGTTCAACAA,MASMTGGQQMGRDQAGITGTWYNQLGSTFIVTAGADGALTGTYESAVGNAESRYVLTGRYDSAPATDGSGTALGWTVAWKNNYRNAHSATTWSGQYVGGAEARINTQWLLTRGTTEANAWESTLVGHDTFTKVKPSAASIDAAKKAGVNNGNPLDAVQQ,CC(O)c1ccccc1.CC(=O)c1ccccc1,28,CCc1ccccc1>>CC(O)c1ccccc1.CC(=O)c1ccccc1,ttn,"reaction_temperature:25°C;reaction_ph:8.2;reaction_other_conditions:25 µM Sav, 50 µM biotC4-1, 20 mM H2O2, 40% acetone, 5% MeCN, 3 h;reaction_substrate_concentration:10 mM",28.0,,,,,8.0
DEDBL1782,1,Enantioselective Hydroxylation of Benzylic C sp sup 3 sup -H Bonds by an Artificial Iron Hydroxylase Based on the Biotin-Streptavidin Technology,C8,#PARENT#,100,1,1,0.01,0.01,ATGGCTTCTATGACTGGTGGTCAACAAATGGGTCGTGATCAAGCTGGTATTACTGGTACTTGGTATAATCAACTTGGTTCTACTTTTATTGTTACTGCTGGTGCTGATGGTGCTCTTACTGGTACTTATGAATCTGCTGTTGGTAATGCTGAATCTCGTTATGTTCTTACTGGTCGTTATGATTCTGCTCCTGCTACTGATGGTTCTGGTACTGCTCTTGGTTGGACTGTTGCTTGGAAAAATAATTATCGTAATGCTCATTCTGCTACTACTTGGTCTGGTCAATATGTTGGTGGTGCTGAAGCTCGTATTAATACTCAATGGCTTCTTACTTCTGGTACTACTGAAGCTAATGCTTGGAAATCTACTCTTGTTGGTCATGATACTTTTACTAAAGTTAAACCTTCTGCTGCTTCTATTGATGCTGCTAAAAAAGCTGGTGTTAATAATGGTAATCCTCTTGATGCTGTTCAACAA,MASMTGGQQMGRDQAGITGTWYNQLGSTFIVTAGADGALTGTYESAVGNAESRYVLTGRYDSAPATDGSGTALGWTVAWKNNYRNAHSATTWSGQYVGGAEARINTQWLLTSGTTEANAWKSTLVGHDTFTKVKPSAASIDAAKKAGVNNGNPLDAVQQ,CC(O)c1ccccc1.CC(=O)c1ccccc1,23,CCc1ccccc1>>CC(O)c1ccccc1.CC(=O)c1ccccc1,ttn,"reaction_temperature:25°C;reaction_ph:8.2;reaction_other_conditions:25 µM Sav, 50 µM biotC4-1, 20 mM H2O2, 40% acetone, 5% MeCN, 3 h;reaction_substrate_concentration:10 mM",23.0,,,,,-2.0
DEDBL1783,1,Enantioselective Hydroxylation of Benzylic C sp sup 3 sup -H Bonds by an Artificial Iron Hydroxylase Based on the Biotin-Streptavidin Technology,C9,S112A,100,1,1,0.01,0.01,ATGGCTTCTATGACTGGTGGTCAACAAATGGGTCGTGATCAAGCTGGTATTACTGGTACTTGGTATAATCAACTTGGTTCTACTTTTATTGTTACTGCTGGTGCTGATGGTGCTCTTACTGGTACTTATGAATCTGCTGTTGGTAATGCTGAATCTCGTTATGTTCTTACTGGTCGTTATGATTCTGCTCCTGCTACTGATGGTTCTGGTACTGCTCTTGGTTGGACTGTTGCTTGGAAAAATAATTATCGTAATGCTCATTCTGCTACTACTTGGTCTGGTCAATATGTTGGTGGTGCTGAAGCTCGTATTAATACTCAATGGCTTCTTACTGCTGGTACTACTGAAGCTAATGCTTGGAAATCTACTCTTGTTGGTCATGATACTTTTACTAAAGTTAAACCTTCTGCTGCTTCTATTGATGCTGCTAAAAAAGCTGGTGTTAATAATGGTAATCCTCTTGATGCTGTTCAACAA,MASMTGGQQMGRDQAGITGTWYNQLGSTFIVTAGADGALTGTYESAVGNAESRYVLTGRYDSAPATDGSGTALGWTVAWKNNYRNAHSATTWSGQYVGGAEARINTQWLLTAGTTEANAWKSTLVGHDTFTKVKPSAASIDAAKKAGVNNGNPLDAVQQ,CC(O)c1ccccc1.CC(=O)c1ccccc1,24,CCc1ccccc1>>CC(O)c1ccccc1.CC(=O)c1ccccc1,ttn,"reaction_temperature:25°C;reaction_ph:8.2;reaction_other_conditions:25 µM Sav, 50 µM biotC4-1, 20 mM H2O2, 40% acetone, 5% MeCN, 3 h;reaction_substrate_concentration:10 mM",24.0,,,,,-1.0
DEDBL1784,1,Enantioselective Hydroxylation of Benzylic C sp sup 3 sup -H Bonds by an Artificial Iron Hydroxylase Based on the Biotin-Streptavidin Technology,C10,S112L,100,1,1,0.01,0.01,ATGGCTTCTATGACTGGTGGTCAACAAATGGGTCGTGATCAAGCTGGTATTACTGGTACTTGGTATAATCAACTTGGTTCTACTTTTATTGTTACTGCTGGTGCTGATGGTGCTCTTACTGGTACTTATGAATCTGCTGTTGGTAATGCTGAATCTCGTTATGTTCTTACTGGTCGTTATGATTCTGCTCCTGCTACTGATGGTTCTGGTACTGCTCTTGGTTGGACTGTTGCTTGGAAAAATAATTATCGTAATGCTCATTCTGCTACTACTTGGTCTGGTCAATATGTTGGTGGTGCTGAAGCTCGTATTAATACTCAATGGCTTCTTACTCTTGGTACTACTGAAGCTAATGCTTGGAAATCTACTCTTGTTGGTCATGATACTTTTACTAAAGTTAAACCTTCTGCTGCTTCTATTGATGCTGCTAAAAAAGCTGGTGTTAATAATGGTAATCCTCTTGATGCTGTTCAACAA,MASMTGGQQMGRDQAGITGTWYNQLGSTFIVTAGADGALTGTYESAVGNAESRYVLTGRYDSAPATDGSGTALGWTVAWKNNYRNAHSATTWSGQYVGGAEARINTQWLLTLGTTEANAWKSTLVGHDTFTKVKPSAASIDAAKKAGVNNGNPLDAVQQ,CC(O)c1ccccc1.CC(=O)c1ccccc1,23,CCc1ccccc1>>CC(O)c1ccccc1.CC(=O)c1ccccc1,ttn,"reaction_temperature:25°C;reaction_ph:8.2;reaction_other_conditions:25 µM Sav, 50 µM biotC4-1, 20 mM H2O2, 40% acetone, 5% MeCN, 3 h;reaction_substrate_concentration:10 mM",23.0,,,,,-2.0
DEDBL1785,1,Enantioselective Hydroxylation of Benzylic C sp sup 3 sup -H Bonds by an Artificial Iron Hydroxylase Based on the Biotin-Streptavidin Technology,C11,S112M,100,1,1,0.01,0.01,ATGGCTTCTATGACTGGTGGTCAACAAATGGGTCGTGATCAAGCTGGTATTACTGGTACTTGGTATAATCAACTTGGTTCTACTTTTATTGTTACTGCTGGTGCTGATGGTGCTCTTACTGGTACTTATGAATCTGCTGTTGGTAATGCTGAATCTCGTTATGTTCTTACTGGTCGTTATGATTCTGCTCCTGCTACTGATGGTTCTGGTACTGCTCTTGGTTGGACTGTTGCTTGGAAAAATAATTATCGTAATGCTCATTCTGCTACTACTTGGTCTGGTCAATATGTTGGTGGTGCTGAAGCTCGTATTAATACTCAATGGCTTCTTACTATGGGTACTACTGAAGCTAATGCTTGGAAATCTACTCTTGTTGGTCATGATACTTTTACTAAAGTTAAACCTTCTGCTGCTTCTATTGATGCTGCTAAAAAAGCTGGTGTTAATAATGGTAATCCTCTTGATGCTGTTCAACAA,MASMTGGQQMGRDQAGITGTWYNQLGSTFIVTAGADGALTGTYESAVGNAESRYVLTGRYDSAPATDGSGTALGWTVAWKNNYRNAHSATTWSGQYVGGAEARINTQWLLTMGTTEANAWKSTLVGHDTFTKVKPSAASIDAAKKAGVNNGNPLDAVQQ,CC(O)c1ccccc1.CC(=O)c1ccccc1,20,CCc1ccccc1>>CC(O)c1ccccc1.CC(=O)c1ccccc1,ttn,"reaction_temperature:25°C;reaction_ph:8.2;reaction_other_conditions:25 µM Sav, 50 µM biotC4-1, 20 mM H2O2, 40% acetone, 5% MeCN, 3 h;reaction_substrate_concentration:10 mM",20.0,,,,,0.0
DEDBL1786,1,Enantioselective Hydroxylation of Benzylic C sp sup 3 sup -H Bonds by an Artificial Iron Hydroxylase Based on the Biotin-Streptavidin Technology,C12,S112F,100,1,1,0.01,0.01,ATGGCTTCTATGACTGGTGGTCAACAAATGGGTCGTGATCAAGCTGGTATTACTGGTACTTGGTATAATCAACTTGGTTCTACTTTTATTGTTACTGCTGGTGCTGATGGTGCTCTTACTGGTACTTATGAATCTGCTGTTGGTAATGCTGAATCTCGTTATGTTCTTACTGGTCGTTATGATTCTGCTCCTGCTACTGATGGTTCTGGTACTGCTCTTGGTTGGACTGTTGCTTGGAAAAATAATTATCGTAATGCTCATTCTGCTACTACTTGGTCTGGTCAATATGTTGGTGGTGCTGAAGCTCGTATTAATACTCAATGGCTTCTTACTTTTGGTACTACTGAAGCTAATGCTTGGAAATCTACTCTTGTTGGTCATGATACTTTTACTAAAGTTAAACCTTCTGCTGCTTCTATTGATGCTGCTAAAAAAGCTGGTGTTAATAATGGTAATCCTCTTGATGCTGTTCAACAA,MASMTGGQQMGRDQAGITGTWYNQLGSTFIVTAGADGALTGTYESAVGNAESRYVLTGRYDSAPATDGSGTALGWTVAWKNNYRNAHSATTWSGQYVGGAEARINTQWLLTFGTTEANAWKSTLVGHDTFTKVKPSAASIDAAKKAGVNNGNPLDAVQQ,CC(O)c1ccccc1.CC(=O)c1ccccc1,24,CCc1ccccc1>>CC(O)c1ccccc1.CC(=O)c1ccccc1,ttn,"reaction_temperature:25°C;reaction_ph:8.2;reaction_other_conditions:25 µM Sav, 50 µM biotC4-1, 20 mM H2O2, 40% acetone, 5% MeCN, 3 h;reaction_substrate_concentration:10 mM",24.0,,,,,-1.0
DEDBL1787,1,Enantioselective Hydroxylation of Benzylic C sp sup 3 sup -H Bonds by an Artificial Iron Hydroxylase Based on the Biotin-Streptavidin Technology,D1,S112Y,100,1,1,0.01,0.01,ATGGCTTCTATGACTGGTGGTCAACAAATGGGTCGTGATCAAGCTGGTATTACTGGTACTTGGTATAATCAACTTGGTTCTACTTTTATTGTTACTGCTGGTGCTGATGGTGCTCTTACTGGTACTTATGAATCTGCTGTTGGTAATGCTGAATCTCGTTATGTTCTTACTGGTCGTTATGATTCTGCTCCTGCTACTGATGGTTCTGGTACTGCTCTTGGTTGGACTGTTGCTTGGAAAAATAATTATCGTAATGCTCATTCTGCTACTACTTGGTCTGGTCAATATGTTGGTGGTGCTGAAGCTCGTATTAATACTCAATGGCTTCTTACTTATGGTACTACTGAAGCTAATGCTTGGAAATCTACTCTTGTTGGTCATGATACTTTTACTAAAGTTAAACCTTCTGCTGCTTCTATTGATGCTGCTAAAAAAGCTGGTGTTAATAATGGTAATCCTCTTGATGCTGTTCAACAA,MASMTGGQQMGRDQAGITGTWYNQLGSTFIVTAGADGALTGTYESAVGNAESRYVLTGRYDSAPATDGSGTALGWTVAWKNNYRNAHSATTWSGQYVGGAEARINTQWLLTYGTTEANAWKSTLVGHDTFTKVKPSAASIDAAKKAGVNNGNPLDAVQQ,CC(O)c1ccccc1.CC(=O)c1ccccc1,17,CCc1ccccc1>>CC(O)c1ccccc1.CC(=O)c1ccccc1,ttn,"reaction_temperature:25°C;reaction_ph:8.2;reaction_other_conditions:25 µM Sav, 50 µM biotC4-1, 20 mM H2O2, 40% acetone, 5% MeCN, 3 h;reaction_substrate_concentration:10 mM",17.0,,,,,0.0
DEDBL1788,1,Enantioselective Hydroxylation of Benzylic C sp sup 3 sup -H Bonds by an Artificial Iron Hydroxylase Based on the Biotin-Streptavidin Technology,D2,S112W,100,1,1,0.01,0.01,ATGGCTTCTATGACTGGTGGTCAACAAATGGGTCGTGATCAAGCTGGTATTACTGGTACTTGGTATAATCAACTTGGTTCTACTTTTATTGTTACTGCTGGTGCTGATGGTGCTCTTACTGGTACTTATGAATCTGCTGTTGGTAATGCTGAATCTCGTTATGTTCTTACTGGTCGTTATGATTCTGCTCCTGCTACTGATGGTTCTGGTACTGCTCTTGGTTGGACTGTTGCTTGGAAAAATAATTATCGTAATGCTCATTCTGCTACTACTTGGTCTGGTCAATATGTTGGTGGTGCTGAAGCTCGTATTAATACTCAATGGCTTCTTACTTGGGGTACTACTGAAGCTAATGCTTGGAAATCTACTCTTGTTGGTCATGATACTTTTACTAAAGTTAAACCTTCTGCTGCTTCTATTGATGCTGCTAAAAAAGCTGGTGTTAATAATGGTAATCCTCTTGATGCTGTTCAACAA,MASMTGGQQMGRDQAGITGTWYNQLGSTFIVTAGADGALTGTYESAVGNAESRYVLTGRYDSAPATDGSGTALGWTVAWKNNYRNAHSATTWSGQYVGGAEARINTQWLLTWGTTEANAWKSTLVGHDTFTKVKPSAASIDAAKKAGVNNGNPLDAVQQ,CC(O)c1ccccc1.CC(=O)c1ccccc1,20,CCc1ccccc1>>CC(O)c1ccccc1.CC(=O)c1ccccc1,ttn,"reaction_temperature:25°C;reaction_ph:8.2;reaction_other_conditions:25 µM Sav, 50 µM biotC4-1, 20 mM H2O2, 40% acetone, 5% MeCN, 3 h;reaction_substrate_concentration:10 mM",20.0,,,,,0.0
DEDBL1789,1,Enantioselective Hydroxylation of Benzylic C sp sup 3 sup -H Bonds by an Artificial Iron Hydroxylase Based on the Biotin-Streptavidin Technology,D3,S112T,100,1,1,0.01,0.01,ATGGCTTCTATGACTGGTGGTCAACAAATGGGTCGTGATCAAGCTGGTATTACTGGTACTTGGTATAATCAACTTGGTTCTACTTTTATTGTTACTGCTGGTGCTGATGGTGCTCTTACTGGTACTTATGAATCTGCTGTTGGTAATGCTGAATCTCGTTATGTTCTTACTGGTCGTTATGATTCTGCTCCTGCTACTGATGGTTCTGGTACTGCTCTTGGTTGGACTGTTGCTTGGAAAAATAATTATCGTAATGCTCATTCTGCTACTACTTGGTCTGGTCAATATGTTGGTGGTGCTGAAGCTCGTATTAATACTCAATGGCTTCTTACTACTGGTACTACTGAAGCTAATGCTTGGAAATCTACTCTTGTTGGTCATGATACTTTTACTAAAGTTAAACCTTCTGCTGCTTCTATTGATGCTGCTAAAAAAGCTGGTGTTAATAATGGTAATCCTCTTGATGCTGTTCAACAA,MASMTGGQQMGRDQAGITGTWYNQLGSTFIVTAGADGALTGTYESAVGNAESRYVLTGRYDSAPATDGSGTALGWTVAWKNNYRNAHSATTWSGQYVGGAEARINTQWLLTTGTTEANAWKSTLVGHDTFTKVKPSAASIDAAKKAGVNNGNPLDAVQQ,CC(O)c1ccccc1.CC(=O)c1ccccc1,24,CCc1ccccc1>>CC(O)c1ccccc1.CC(=O)c1ccccc1,ttn,"reaction_temperature:25°C;reaction_ph:8.2;reaction_other_conditions:25 µM Sav, 50 µM biotC4-1, 20 mM H2O2, 40% acetone, 5% MeCN, 3 h;reaction_substrate_concentration:10 mM",24.0,,,,,-1.0
DEDBL1790,1,Enantioselective Hydroxylation of Benzylic C sp sup 3 sup -H Bonds by an Artificial Iron Hydroxylase Based on the Biotin-Streptavidin Technology,D4,S112Q,100,1,1,0.01,0.01,ATGGCTTCTATGACTGGTGGTCAACAAATGGGTCGTGATCAAGCTGGTATTACTGGTACTTGGTATAATCAACTTGGTTCTACTTTTATTGTTACTGCTGGTGCTGATGGTGCTCTTACTGGTACTTATGAATCTGCTGTTGGTAATGCTGAATCTCGTTATGTTCTTACTGGTCGTTATGATTCTGCTCCTGCTACTGATGGTTCTGGTACTGCTCTTGGTTGGACTGTTGCTTGGAAAAATAATTATCGTAATGCTCATTCTGCTACTACTTGGTCTGGTCAATATGTTGGTGGTGCTGAAGCTCGTATTAATACTCAATGGCTTCTTACTCAAGGTACTACTGAAGCTAATGCTTGGAAATCTACTCTTGTTGGTCATGATACTTTTACTAAAGTTAAACCTTCTGCTGCTTCTATTGATGCTGCTAAAAAAGCTGGTGTTAATAATGGTAATCCTCTTGATGCTGTTCAACAA,MASMTGGQQMGRDQAGITGTWYNQLGSTFIVTAGADGALTGTYESAVGNAESRYVLTGRYDSAPATDGSGTALGWTVAWKNNYRNAHSATTWSGQYVGGAEARINTQWLLTQGTTEANAWKSTLVGHDTFTKVKPSAASIDAAKKAGVNNGNPLDAVQQ,CC(O)c1ccccc1.CC(=O)c1ccccc1,23,CCc1ccccc1>>CC(O)c1ccccc1.CC(=O)c1ccccc1,ttn,"reaction_temperature:25°C;reaction_ph:8.2;reaction_other_conditions:25 µM Sav, 50 µM biotC4-1, 20 mM H2O2, 40% acetone, 5% MeCN, 3 h;reaction_substrate_concentration:10 mM",23.0,,,,,-2.0
DEDBL1791,1,Enantioselective Hydroxylation of Benzylic C sp sup 3 sup -H Bonds by an Artificial Iron Hydroxylase Based on the Biotin-Streptavidin Technology,D5,S112R,100,1,1,0.01,0.01,ATGGCTTCTATGACTGGTGGTCAACAAATGGGTCGTGATCAAGCTGGTATTACTGGTACTTGGTATAATCAACTTGGTTCTACTTTTATTGTTACTGCTGGTGCTGATGGTGCTCTTACTGGTACTTATGAATCTGCTGTTGGTAATGCTGAATCTCGTTATGTTCTTACTGGTCGTTATGATTCTGCTCCTGCTACTGATGGTTCTGGTACTGCTCTTGGTTGGACTGTTGCTTGGAAAAATAATTATCGTAATGCTCATTCTGCTACTACTTGGTCTGGTCAATATGTTGGTGGTGCTGAAGCTCGTATTAATACTCAATGGCTTCTTACTCGTGGTACTACTGAAGCTAATGCTTGGAAATCTACTCTTGTTGGTCATGATACTTTTACTAAAGTTAAACCTTCTGCTGCTTCTATTGATGCTGCTAAAAAAGCTGGTGTTAATAATGGTAATCCTCTTGATGCTGTTCAACAA,MASMTGGQQMGRDQAGITGTWYNQLGSTFIVTAGADGALTGTYESAVGNAESRYVLTGRYDSAPATDGSGTALGWTVAWKNNYRNAHSATTWSGQYVGGAEARINTQWLLTRGTTEANAWKSTLVGHDTFTKVKPSAASIDAAKKAGVNNGNPLDAVQQ,CC(O)c1ccccc1.CC(=O)c1ccccc1,23,CCc1ccccc1>>CC(O)c1ccccc1.CC(=O)c1ccccc1,ttn,"reaction_temperature:25°C;reaction_ph:8.2;reaction_other_conditions:25 µM Sav, 50 µM biotC4-1, 20 mM H2O2, 40% acetone, 5% MeCN, 3 h;reaction_substrate_concentration:10 mM",23.0,,,,,-2.0
DEDBL1792,1,Enantioselective Hydroxylation of Benzylic C sp sup 3 sup -H Bonds by an Artificial Iron Hydroxylase Based on the Biotin-Streptavidin Technology,D6,S112H,100,1,1,0.01,0.01,ATGGCTTCTATGACTGGTGGTCAACAAATGGGTCGTGATCAAGCTGGTATTACTGGTACTTGGTATAATCAACTTGGTTCTACTTTTATTGTTACTGCTGGTGCTGATGGTGCTCTTACTGGTACTTATGAATCTGCTGTTGGTAATGCTGAATCTCGTTATGTTCTTACTGGTCGTTATGATTCTGCTCCTGCTACTGATGGTTCTGGTACTGCTCTTGGTTGGACTGTTGCTTGGAAAAATAATTATCGTAATGCTCATTCTGCTACTACTTGGTCTGGTCAATATGTTGGTGGTGCTGAAGCTCGTATTAATACTCAATGGCTTCTTACTCATGGTACTACTGAAGCTAATGCTTGGAAATCTACTCTTGTTGGTCATGATACTTTTACTAAAGTTAAACCTTCTGCTGCTTCTATTGATGCTGCTAAAAAAGCTGGTGTTAATAATGGTAATCCTCTTGATGCTGTTCAACAA,MASMTGGQQMGRDQAGITGTWYNQLGSTFIVTAGADGALTGTYESAVGNAESRYVLTGRYDSAPATDGSGTALGWTVAWKNNYRNAHSATTWSGQYVGGAEARINTQWLLTHGTTEANAWKSTLVGHDTFTKVKPSAASIDAAKKAGVNNGNPLDAVQQ,CC(O)c1ccccc1.CC(=O)c1ccccc1,22,CCc1ccccc1>>CC(O)c1ccccc1.CC(=O)c1ccccc1,ttn,"reaction_temperature:25°C;reaction_ph:8.2;reaction_other_conditions:25 µM Sav, 50 µM biotC4-1, 20 mM H2O2, 40% acetone, 5% MeCN, 3 h;reaction_substrate_concentration:10 mM",22.0,,,,,0.0
DEDBL1793,1,Enantioselective Hydroxylation of Benzylic C sp sup 3 sup -H Bonds by an Artificial Iron Hydroxylase Based on the Biotin-Streptavidin Technology,D7,S112K,100,1,1,0.01,0.01,ATGGCTTCTATGACTGGTGGTCAACAAATGGGTCGTGATCAAGCTGGTATTACTGGTACTTGGTATAATCAACTTGGTTCTACTTTTATTGTTACTGCTGGTGCTGATGGTGCTCTTACTGGTACTTATGAATCTGCTGTTGGTAATGCTGAATCTCGTTATGTTCTTACTGGTCGTTATGATTCTGCTCCTGCTACTGATGGTTCTGGTACTGCTCTTGGTTGGACTGTTGCTTGGAAAAATAATTATCGTAATGCTCATTCTGCTACTACTTGGTCTGGTCAATATGTTGGTGGTGCTGAAGCTCGTATTAATACTCAATGGCTTCTTACTAAAGGTACTACTGAAGCTAATGCTTGGAAATCTACTCTTGTTGGTCATGATACTTTTACTAAAGTTAAACCTTCTGCTGCTTCTATTGATGCTGCTAAAAAAGCTGGTGTTAATAATGGTAATCCTCTTGATGCTGTTCAACAA,MASMTGGQQMGRDQAGITGTWYNQLGSTFIVTAGADGALTGTYESAVGNAESRYVLTGRYDSAPATDGSGTALGWTVAWKNNYRNAHSATTWSGQYVGGAEARINTQWLLTKGTTEANAWKSTLVGHDTFTKVKPSAASIDAAKKAGVNNGNPLDAVQQ,CC(O)c1ccccc1.CC(=O)c1ccccc1,24,CCc1ccccc1>>CC(O)c1ccccc1.CC(=O)c1ccccc1,ttn,"reaction_temperature:25°C;reaction_ph:8.2;reaction_other_conditions:25 µM Sav, 50 µM biotC4-1, 20 mM H2O2, 40% acetone, 5% MeCN, 3 h;reaction_substrate_concentration:10 mM",24.0,,,,,-1.0
DEDBL1794,1,Enantioselective Hydroxylation of Benzylic C sp sup 3 sup -H Bonds by an Artificial Iron Hydroxylase Based on the Biotin-Streptavidin Technology,D8,S112E,100,1,1,0.01,0.01,ATGGCTTCTATGACTGGTGGTCAACAAATGGGTCGTGATCAAGCTGGTATTACTGGTACTTGGTATAATCAACTTGGTTCTACTTTTATTGTTACTGCTGGTGCTGATGGTGCTCTTACTGGTACTTATGAATCTGCTGTTGGTAATGCTGAATCTCGTTATGTTCTTACTGGTCGTTATGATTCTGCTCCTGCTACTGATGGTTCTGGTACTGCTCTTGGTTGGACTGTTGCTTGGAAAAATAATTATCGTAATGCTCATTCTGCTACTACTTGGTCTGGTCAATATGTTGGTGGTGCTGAAGCTCGTATTAATACTCAATGGCTTCTTACTGAAGGTACTACTGAAGCTAATGCTTGGAAATCTACTCTTGTTGGTCATGATACTTTTACTAAAGTTAAACCTTCTGCTGCTTCTATTGATGCTGCTAAAAAAGCTGGTGTTAATAATGGTAATCCTCTTGATGCTGTTCAACAA,MASMTGGQQMGRDQAGITGTWYNQLGSTFIVTAGADGALTGTYESAVGNAESRYVLTGRYDSAPATDGSGTALGWTVAWKNNYRNAHSATTWSGQYVGGAEARINTQWLLTEGTTEANAWKSTLVGHDTFTKVKPSAASIDAAKKAGVNNGNPLDAVQQ,CC(O)c1ccccc1.CC(=O)c1ccccc1,23,CCc1ccccc1>>CC(O)c1ccccc1.CC(=O)c1ccccc1,ttn,"reaction_temperature:25°C;reaction_ph:8.2;reaction_other_conditions:25 µM Sav, 50 µM biotC4-1, 20 mM H2O2, 40% acetone, 5% MeCN, 3 h;reaction_substrate_concentration:10 mM",23.0,,,,,-2.0
DEDBL1795,1,Enantioselective Hydroxylation of Benzylic C sp sup 3 sup -H Bonds by an Artificial Iron Hydroxylase Based on the Biotin-Streptavidin Technology,D9,S112C,100,1,1,0.01,0.01,ATGGCTTCTATGACTGGTGGTCAACAAATGGGTCGTGATCAAGCTGGTATTACTGGTACTTGGTATAATCAACTTGGTTCTACTTTTATTGTTACTGCTGGTGCTGATGGTGCTCTTACTGGTACTTATGAATCTGCTGTTGGTAATGCTGAATCTCGTTATGTTCTTACTGGTCGTTATGATTCTGCTCCTGCTACTGATGGTTCTGGTACTGCTCTTGGTTGGACTGTTGCTTGGAAAAATAATTATCGTAATGCTCATTCTGCTACTACTTGGTCTGGTCAATATGTTGGTGGTGCTGAAGCTCGTATTAATACTCAATGGCTTCTTACTTGTGGTACTACTGAAGCTAATGCTTGGAAATCTACTCTTGTTGGTCATGATACTTTTACTAAAGTTAAACCTTCTGCTGCTTCTATTGATGCTGCTAAAAAAGCTGGTGTTAATAATGGTAATCCTCTTGATGCTGTTCAACAA,MASMTGGQQMGRDQAGITGTWYNQLGSTFIVTAGADGALTGTYESAVGNAESRYVLTGRYDSAPATDGSGTALGWTVAWKNNYRNAHSATTWSGQYVGGAEARINTQWLLTCGTTEANAWKSTLVGHDTFTKVKPSAASIDAAKKAGVNNGNPLDAVQQ,CC(O)c1ccccc1.CC(=O)c1ccccc1,20,CCc1ccccc1>>CC(O)c1ccccc1.CC(=O)c1ccccc1,ttn,"reaction_temperature:25°C;reaction_ph:8.2;reaction_other_conditions:25 µM Sav, 50 µM biotC4-1, 20 mM H2O2, 40% acetone, 5% MeCN, 3 h;reaction_substrate_concentration:10 mM",20.0,,,,,0.0
DEDBL1796,1,Enantioselective Hydroxylation of Benzylic C sp sup 3 sup -H Bonds by an Artificial Iron Hydroxylase Based on the Biotin-Streptavidin Technology,D10,S112P,100,1,1,0.01,0.01,ATGGCTTCTATGACTGGTGGTCAACAAATGGGTCGTGATCAAGCTGGTATTACTGGTACTTGGTATAATCAACTTGGTTCTACTTTTATTGTTACTGCTGGTGCTGATGGTGCTCTTACTGGTACTTATGAATCTGCTGTTGGTAATGCTGAATCTCGTTATGTTCTTACTGGTCGTTATGATTCTGCTCCTGCTACTGATGGTTCTGGTACTGCTCTTGGTTGGACTGTTGCTTGGAAAAATAATTATCGTAATGCTCATTCTGCTACTACTTGGTCTGGTCAATATGTTGGTGGTGCTGAAGCTCGTATTAATACTCAATGGCTTCTTACTCCTGGTACTACTGAAGCTAATGCTTGGAAATCTACTCTTGTTGGTCATGATACTTTTACTAAAGTTAAACCTTCTGCTGCTTCTATTGATGCTGCTAAAAAAGCTGGTGTTAATAATGGTAATCCTCTTGATGCTGTTCAACAA,MASMTGGQQMGRDQAGITGTWYNQLGSTFIVTAGADGALTGTYESAVGNAESRYVLTGRYDSAPATDGSGTALGWTVAWKNNYRNAHSATTWSGQYVGGAEARINTQWLLTPGTTEANAWKSTLVGHDTFTKVKPSAASIDAAKKAGVNNGNPLDAVQQ,CC(O)c1ccccc1.CC(=O)c1ccccc1,15,CCc1ccccc1>>CC(O)c1ccccc1.CC(=O)c1ccccc1,ttn,"reaction_temperature:25°C;reaction_ph:8.2;reaction_other_conditions:25 µM Sav, 50 µM biotC4-1, 20 mM H2O2, 40% acetone, 5% MeCN, 3 h;reaction_substrate_concentration:10 mM",15.0,,,,,-1.0
DEDBL1797,1,Enantioselective Hydroxylation of Benzylic C sp sup 3 sup -H Bonds by an Artificial Iron Hydroxylase Based on the Biotin-Streptavidin Technology,D11,S112G,100,1,1,0.01,0.01,ATGGCTTCTATGACTGGTGGTCAACAAATGGGTCGTGATCAAGCTGGTATTACTGGTACTTGGTATAATCAACTTGGTTCTACTTTTATTGTTACTGCTGGTGCTGATGGTGCTCTTACTGGTACTTATGAATCTGCTGTTGGTAATGCTGAATCTCGTTATGTTCTTACTGGTCGTTATGATTCTGCTCCTGCTACTGATGGTTCTGGTACTGCTCTTGGTTGGACTGTTGCTTGGAAAAATAATTATCGTAATGCTCATTCTGCTACTACTTGGTCTGGTCAATATGTTGGTGGTGCTGAAGCTCGTATTAATACTCAATGGCTTCTTACTGGTGGTACTACTGAAGCTAATGCTTGGAAATCTACTCTTGTTGGTCATGATACTTTTACTAAAGTTAAACCTTCTGCTGCTTCTATTGATGCTGCTAAAAAAGCTGGTGTTAATAATGGTAATCCTCTTGATGCTGTTCAACAA,MASMTGGQQMGRDQAGITGTWYNQLGSTFIVTAGADGALTGTYESAVGNAESRYVLTGRYDSAPATDGSGTALGWTVAWKNNYRNAHSATTWSGQYVGGAEARINTQWLLTGGTTEANAWKSTLVGHDTFTKVKPSAASIDAAKKAGVNNGNPLDAVQQ,CC(O)c1ccccc1.CC(=O)c1ccccc1,24,CCc1ccccc1>>CC(O)c1ccccc1.CC(=O)c1ccccc1,ttn,"reaction_temperature:25°C;reaction_ph:8.2;reaction_other_conditions:25 µM Sav, 50 µM biotC4-1, 20 mM H2O2, 40% acetone, 5% MeCN, 3 h;reaction_substrate_concentration:10 mM",24.0,,,,,-1.0
DEDBL1798,1,Enantioselective Hydroxylation of Benzylic C sp sup 3 sup -H Bonds by an Artificial Iron Hydroxylase Based on the Biotin-Streptavidin Technology,D12,K121A,100,1,1,0.01,0.01,ATGGCTTCTATGACTGGTGGTCAACAAATGGGTCGTGATCAAGCTGGTATTACTGGTACTTGGTATAATCAACTTGGTTCTACTTTTATTGTTACTGCTGGTGCTGATGGTGCTCTTACTGGTACTTATGAATCTGCTGTTGGTAATGCTGAATCTCGTTATGTTCTTACTGGTCGTTATGATTCTGCTCCTGCTACTGATGGTTCTGGTACTGCTCTTGGTTGGACTGTTGCTTGGAAAAATAATTATCGTAATGCTCATTCTGCTACTACTTGGTCTGGTCAATATGTTGGTGGTGCTGAAGCTCGTATTAATACTCAATGGCTTCTTACTTCTGGTACTACTGAAGCTAATGCTTGGGCTTCTACTCTTGTTGGTCATGATACTTTTACTAAAGTTAAACCTTCTGCTGCTTCTATTGATGCTGCTAAAAAAGCTGGTGTTAATAATGGTAATCCTCTTGATGCTGTTCAACAA,MASMTGGQQMGRDQAGITGTWYNQLGSTFIVTAGADGALTGTYESAVGNAESRYVLTGRYDSAPATDGSGTALGWTVAWKNNYRNAHSATTWSGQYVGGAEARINTQWLLTSGTTEANAWASTLVGHDTFTKVKPSAASIDAAKKAGVNNGNPLDAVQQ,CC(O)c1ccccc1.CC(=O)c1ccccc1,25,CCc1ccccc1>>CC(O)c1ccccc1.CC(=O)c1ccccc1,ttn,"reaction_temperature:25°C;reaction_ph:8.2;reaction_other_conditions:25 µM Sav, 50 µM biotC4-1, 20 mM H2O2, 40% acetone, 5% MeCN, 3 h;reaction_substrate_concentration:10 mM",25.0,,,,,2.0
DEDBL1799,1,Enantioselective Hydroxylation of Benzylic C sp sup 3 sup -H Bonds by an Artificial Iron Hydroxylase Based on the Biotin-Streptavidin Technology,E1,K121V,100,1,1,0.01,0.01,ATGGCTTCTATGACTGGTGGTCAACAAATGGGTCGTGATCAAGCTGGTATTACTGGTACTTGGTATAATCAACTTGGTTCTACTTTTATTGTTACTGCTGGTGCTGATGGTGCTCTTACTGGTACTTATGAATCTGCTGTTGGTAATGCTGAATCTCGTTATGTTCTTACTGGTCGTTATGATTCTGCTCCTGCTACTGATGGTTCTGGTACTGCTCTTGGTTGGACTGTTGCTTGGAAAAATAATTATCGTAATGCTCATTCTGCTACTACTTGGTCTGGTCAATATGTTGGTGGTGCTGAAGCTCGTATTAATACTCAATGGCTTCTTACTTCTGGTACTACTGAAGCTAATGCTTGGGTTTCTACTCTTGTTGGTCATGATACTTTTACTAAAGTTAAACCTTCTGCTGCTTCTATTGATGCTGCTAAAAAAGCTGGTGTTAATAATGGTAATCCTCTTGATGCTGTTCAACAA,MASMTGGQQMGRDQAGITGTWYNQLGSTFIVTAGADGALTGTYESAVGNAESRYVLTGRYDSAPATDGSGTALGWTVAWKNNYRNAHSATTWSGQYVGGAEARINTQWLLTSGTTEANAWVSTLVGHDTFTKVKPSAASIDAAKKAGVNNGNPLDAVQQ,CC(O)c1ccccc1.CC(=O)c1ccccc1,23,CCc1ccccc1>>CC(O)c1ccccc1.CC(=O)c1ccccc1,ttn,"reaction_temperature:25°C;reaction_ph:8.2;reaction_other_conditions:25 µM Sav, 50 µM biotC4-1, 20 mM H2O2, 40% acetone, 5% MeCN, 3 h;reaction_substrate_concentration:10 mM",23.0,,,,,-2.0
DEDBL1800,1,Enantioselective Hydroxylation of Benzylic C sp sup 3 sup -H Bonds by an Artificial Iron Hydroxylase Based on the Biotin-Streptavidin Technology,E2,K121I,100,1,1,0.01,0.01,ATGGCTTCTATGACTGGTGGTCAACAAATGGGTCGTGATCAAGCTGGTATTACTGGTACTTGGTATAATCAACTTGGTTCTACTTTTATTGTTACTGCTGGTGCTGATGGTGCTCTTACTGGTACTTATGAATCTGCTGTTGGTAATGCTGAATCTCGTTATGTTCTTACTGGTCGTTATGATTCTGCTCCTGCTACTGATGGTTCTGGTACTGCTCTTGGTTGGACTGTTGCTTGGAAAAATAATTATCGTAATGCTCATTCTGCTACTACTTGGTCTGGTCAATATGTTGGTGGTGCTGAAGCTCGTATTAATACTCAATGGCTTCTTACTTCTGGTACTACTGAAGCTAATGCTTGGATTTCTACTCTTGTTGGTCATGATACTTTTACTAAAGTTAAACCTTCTGCTGCTTCTATTGATGCTGCTAAAAAAGCTGGTGTTAATAATGGTAATCCTCTTGATGCTGTTCAACAA,MASMTGGQQMGRDQAGITGTWYNQLGSTFIVTAGADGALTGTYESAVGNAESRYVLTGRYDSAPATDGSGTALGWTVAWKNNYRNAHSATTWSGQYVGGAEARINTQWLLTSGTTEANAWISTLVGHDTFTKVKPSAASIDAAKKAGVNNGNPLDAVQQ,CC(O)c1ccccc1.CC(=O)c1ccccc1,22,CCc1ccccc1>>CC(O)c1ccccc1.CC(=O)c1ccccc1,ttn,"reaction_temperature:25°C;reaction_ph:8.2;reaction_other_conditions:25 µM Sav, 50 µM biotC4-1, 20 mM H2O2, 40% acetone, 5% MeCN, 3 h;reaction_substrate_concentration:10 mM",22.0,,,,,0.0
DEDBL1801,1,Enantioselective Hydroxylation of Benzylic C sp sup 3 sup -H Bonds by an Artificial Iron Hydroxylase Based on the Biotin-Streptavidin Technology,E3,K121M,100,1,1,0.01,0.01,ATGGCTTCTATGACTGGTGGTCAACAAATGGGTCGTGATCAAGCTGGTATTACTGGTACTTGGTATAATCAACTTGGTTCTACTTTTATTGTTACTGCTGGTGCTGATGGTGCTCTTACTGGTACTTATGAATCTGCTGTTGGTAATGCTGAATCTCGTTATGTTCTTACTGGTCGTTATGATTCTGCTCCTGCTACTGATGGTTCTGGTACTGCTCTTGGTTGGACTGTTGCTTGGAAAAATAATTATCGTAATGCTCATTCTGCTACTACTTGGTCTGGTCAATATGTTGGTGGTGCTGAAGCTCGTATTAATACTCAATGGCTTCTTACTTCTGGTACTACTGAAGCTAATGCTTGGATGTCTACTCTTGTTGGTCATGATACTTTTACTAAAGTTAAACCTTCTGCTGCTTCTATTGATGCTGCTAAAAAAGCTGGTGTTAATAATGGTAATCCTCTTGATGCTGTTCAACAA,MASMTGGQQMGRDQAGITGTWYNQLGSTFIVTAGADGALTGTYESAVGNAESRYVLTGRYDSAPATDGSGTALGWTVAWKNNYRNAHSATTWSGQYVGGAEARINTQWLLTSGTTEANAWMSTLVGHDTFTKVKPSAASIDAAKKAGVNNGNPLDAVQQ,CC(O)c1ccccc1.CC(=O)c1ccccc1,22,CCc1ccccc1>>CC(O)c1ccccc1.CC(=O)c1ccccc1,ttn,"reaction_temperature:25°C;reaction_ph:8.2;reaction_other_conditions:25 µM Sav, 50 µM biotC4-1, 20 mM H2O2, 40% acetone, 5% MeCN, 3 h;reaction_substrate_concentration:10 mM",22.0,,,,,0.0
DEDBL1802,1,Enantioselective Hydroxylation of Benzylic C sp sup 3 sup -H Bonds by an Artificial Iron Hydroxylase Based on the Biotin-Streptavidin Technology,E4,K121F,100,1,1,0.01,0.01,ATGGCTTCTATGACTGGTGGTCAACAAATGGGTCGTGATCAAGCTGGTATTACTGGTACTTGGTATAATCAACTTGGTTCTACTTTTATTGTTACTGCTGGTGCTGATGGTGCTCTTACTGGTACTTATGAATCTGCTGTTGGTAATGCTGAATCTCGTTATGTTCTTACTGGTCGTTATGATTCTGCTCCTGCTACTGATGGTTCTGGTACTGCTCTTGGTTGGACTGTTGCTTGGAAAAATAATTATCGTAATGCTCATTCTGCTACTACTTGGTCTGGTCAATATGTTGGTGGTGCTGAAGCTCGTATTAATACTCAATGGCTTCTTACTTCTGGTACTACTGAAGCTAATGCTTGGTTTTCTACTCTTGTTGGTCATGATACTTTTACTAAAGTTAAACCTTCTGCTGCTTCTATTGATGCTGCTAAAAAAGCTGGTGTTAATAATGGTAATCCTCTTGATGCTGTTCAACAA,MASMTGGQQMGRDQAGITGTWYNQLGSTFIVTAGADGALTGTYESAVGNAESRYVLTGRYDSAPATDGSGTALGWTVAWKNNYRNAHSATTWSGQYVGGAEARINTQWLLTSGTTEANAWFSTLVGHDTFTKVKPSAASIDAAKKAGVNNGNPLDAVQQ,CC(O)c1ccccc1.CC(=O)c1ccccc1,24,CCc1ccccc1>>CC(O)c1ccccc1.CC(=O)c1ccccc1,ttn,"reaction_temperature:25°C;reaction_ph:8.2;reaction_other_conditions:25 µM Sav, 50 µM biotC4-1, 20 mM H2O2, 40% acetone, 5% MeCN, 3 h;reaction_substrate_concentration:10 mM",24.0,,,,,-1.0
DEDBL1803,1,Enantioselective Hydroxylation of Benzylic C sp sup 3 sup -H Bonds by an Artificial Iron Hydroxylase Based on the Biotin-Streptavidin Technology,E5,K121W,100,1,1,0.01,0.01,ATGGCTTCTATGACTGGTGGTCAACAAATGGGTCGTGATCAAGCTGGTATTACTGGTACTTGGTATAATCAACTTGGTTCTACTTTTATTGTTACTGCTGGTGCTGATGGTGCTCTTACTGGTACTTATGAATCTGCTGTTGGTAATGCTGAATCTCGTTATGTTCTTACTGGTCGTTATGATTCTGCTCCTGCTACTGATGGTTCTGGTACTGCTCTTGGTTGGACTGTTGCTTGGAAAAATAATTATCGTAATGCTCATTCTGCTACTACTTGGTCTGGTCAATATGTTGGTGGTGCTGAAGCTCGTATTAATACTCAATGGCTTCTTACTTCTGGTACTACTGAAGCTAATGCTTGGTGGTCTACTCTTGTTGGTCATGATACTTTTACTAAAGTTAAACCTTCTGCTGCTTCTATTGATGCTGCTAAAAAAGCTGGTGTTAATAATGGTAATCCTCTTGATGCTGTTCAACAA,MASMTGGQQMGRDQAGITGTWYNQLGSTFIVTAGADGALTGTYESAVGNAESRYVLTGRYDSAPATDGSGTALGWTVAWKNNYRNAHSATTWSGQYVGGAEARINTQWLLTSGTTEANAWWSTLVGHDTFTKVKPSAASIDAAKKAGVNNGNPLDAVQQ,CC(O)c1ccccc1.CC(=O)c1ccccc1,22,CCc1ccccc1>>CC(O)c1ccccc1.CC(=O)c1ccccc1,ttn,"reaction_temperature:25°C;reaction_ph:8.2;reaction_other_conditions:25 µM Sav, 50 µM biotC4-1, 20 mM H2O2, 40% acetone, 5% MeCN, 3 h;reaction_substrate_concentration:10 mM",22.0,,,,,0.0
DEDBL1804,1,Enantioselective Hydroxylation of Benzylic C sp sup 3 sup -H Bonds by an Artificial Iron Hydroxylase Based on the Biotin-Streptavidin Technology,E6,K121S,100,1,1,0.01,0.01,ATGGCTTCTATGACTGGTGGTCAACAAATGGGTCGTGATCAAGCTGGTATTACTGGTACTTGGTATAATCAACTTGGTTCTACTTTTATTGTTACTGCTGGTGCTGATGGTGCTCTTACTGGTACTTATGAATCTGCTGTTGGTAATGCTGAATCTCGTTATGTTCTTACTGGTCGTTATGATTCTGCTCCTGCTACTGATGGTTCTGGTACTGCTCTTGGTTGGACTGTTGCTTGGAAAAATAATTATCGTAATGCTCATTCTGCTACTACTTGGTCTGGTCAATATGTTGGTGGTGCTGAAGCTCGTATTAATACTCAATGGCTTCTTACTTCTGGTACTACTGAAGCTAATGCTTGGTCTTCTACTCTTGTTGGTCATGATACTTTTACTAAAGTTAAACCTTCTGCTGCTTCTATTGATGCTGCTAAAAAAGCTGGTGTTAATAATGGTAATCCTCTTGATGCTGTTCAACAA,MASMTGGQQMGRDQAGITGTWYNQLGSTFIVTAGADGALTGTYESAVGNAESRYVLTGRYDSAPATDGSGTALGWTVAWKNNYRNAHSATTWSGQYVGGAEARINTQWLLTSGTTEANAWSSTLVGHDTFTKVKPSAASIDAAKKAGVNNGNPLDAVQQ,CC(O)c1ccccc1.CC(=O)c1ccccc1,20,CCc1ccccc1>>CC(O)c1ccccc1.CC(=O)c1ccccc1,ttn,"reaction_temperature:25°C;reaction_ph:8.2;reaction_other_conditions:25 µM Sav, 50 µM biotC4-1, 20 mM H2O2, 40% acetone, 5% MeCN, 3 h;reaction_substrate_concentration:10 mM",20.0,,,,,0.0
DEDBL1805,1,Enantioselective Hydroxylation of Benzylic C sp sup 3 sup -H Bonds by an Artificial Iron Hydroxylase Based on the Biotin-Streptavidin Technology,E7,K121P,100,1,1,0.01,0.01,ATGGCTTCTATGACTGGTGGTCAACAAATGGGTCGTGATCAAGCTGGTATTACTGGTACTTGGTATAATCAACTTGGTTCTACTTTTATTGTTACTGCTGGTGCTGATGGTGCTCTTACTGGTACTTATGAATCTGCTGTTGGTAATGCTGAATCTCGTTATGTTCTTACTGGTCGTTATGATTCTGCTCCTGCTACTGATGGTTCTGGTACTGCTCTTGGTTGGACTGTTGCTTGGAAAAATAATTATCGTAATGCTCATTCTGCTACTACTTGGTCTGGTCAATATGTTGGTGGTGCTGAAGCTCGTATTAATACTCAATGGCTTCTTACTTCTGGTACTACTGAAGCTAATGCTTGGCCTTCTACTCTTGTTGGTCATGATACTTTTACTAAAGTTAAACCTTCTGCTGCTTCTATTGATGCTGCTAAAAAAGCTGGTGTTAATAATGGTAATCCTCTTGATGCTGTTCAACAA,MASMTGGQQMGRDQAGITGTWYNQLGSTFIVTAGADGALTGTYESAVGNAESRYVLTGRYDSAPATDGSGTALGWTVAWKNNYRNAHSATTWSGQYVGGAEARINTQWLLTSGTTEANAWPSTLVGHDTFTKVKPSAASIDAAKKAGVNNGNPLDAVQQ,CC(O)c1ccccc1.CC(=O)c1ccccc1,24,CCc1ccccc1>>CC(O)c1ccccc1.CC(=O)c1ccccc1,ttn,"reaction_temperature:25°C;reaction_ph:8.2;reaction_other_conditions:25 µM Sav, 50 µM biotC4-1, 20 mM H2O2, 40% acetone, 5% MeCN, 3 h;reaction_substrate_concentration:10 mM",24.0,,,,,-1.0
DEDBL1806,1,Enantioselective Hydroxylation of Benzylic C sp sup 3 sup -H Bonds by an Artificial Iron Hydroxylase Based on the Biotin-Streptavidin Technology,E8,K121R,100,1,1,0.01,0.01,ATGGCTTCTATGACTGGTGGTCAACAAATGGGTCGTGATCAAGCTGGTATTACTGGTACTTGGTATAATCAACTTGGTTCTACTTTTATTGTTACTGCTGGTGCTGATGGTGCTCTTACTGGTACTTATGAATCTGCTGTTGGTAATGCTGAATCTCGTTATGTTCTTACTGGTCGTTATGATTCTGCTCCTGCTACTGATGGTTCTGGTACTGCTCTTGGTTGGACTGTTGCTTGGAAAAATAATTATCGTAATGCTCATTCTGCTACTACTTGGTCTGGTCAATATGTTGGTGGTGCTGAAGCTCGTATTAATACTCAATGGCTTCTTACTTCTGGTACTACTGAAGCTAATGCTTGGCGTTCTACTCTTGTTGGTCATGATACTTTTACTAAAGTTAAACCTTCTGCTGCTTCTATTGATGCTGCTAAAAAAGCTGGTGTTAATAATGGTAATCCTCTTGATGCTGTTCAACAA,MASMTGGQQMGRDQAGITGTWYNQLGSTFIVTAGADGALTGTYESAVGNAESRYVLTGRYDSAPATDGSGTALGWTVAWKNNYRNAHSATTWSGQYVGGAEARINTQWLLTSGTTEANAWRSTLVGHDTFTKVKPSAASIDAAKKAGVNNGNPLDAVQQ,CC(O)c1ccccc1.CC(=O)c1ccccc1,21,CCc1ccccc1>>CC(O)c1ccccc1.CC(=O)c1ccccc1,ttn,"reaction_temperature:25°C;reaction_ph:8.2;reaction_other_conditions:25 µM Sav, 50 µM biotC4-1, 20 mM H2O2, 40% acetone, 5% MeCN, 3 h;reaction_substrate_concentration:10 mM",21.0,,,,,3.0
DEDBL1807,1,Enantioselective Hydroxylation of Benzylic C sp sup 3 sup -H Bonds by an Artificial Iron Hydroxylase Based on the Biotin-Streptavidin Technology,E9,K121H,100,1,1,0.01,0.01,ATGGCTTCTATGACTGGTGGTCAACAAATGGGTCGTGATCAAGCTGGTATTACTGGTACTTGGTATAATCAACTTGGTTCTACTTTTATTGTTACTGCTGGTGCTGATGGTGCTCTTACTGGTACTTATGAATCTGCTGTTGGTAATGCTGAATCTCGTTATGTTCTTACTGGTCGTTATGATTCTGCTCCTGCTACTGATGGTTCTGGTACTGCTCTTGGTTGGACTGTTGCTTGGAAAAATAATTATCGTAATGCTCATTCTGCTACTACTTGGTCTGGTCAATATGTTGGTGGTGCTGAAGCTCGTATTAATACTCAATGGCTTCTTACTTCTGGTACTACTGAAGCTAATGCTTGGCATTCTACTCTTGTTGGTCATGATACTTTTACTAAAGTTAAACCTTCTGCTGCTTCTATTGATGCTGCTAAAAAAGCTGGTGTTAATAATGGTAATCCTCTTGATGCTGTTCAACAA,MASMTGGQQMGRDQAGITGTWYNQLGSTFIVTAGADGALTGTYESAVGNAESRYVLTGRYDSAPATDGSGTALGWTVAWKNNYRNAHSATTWSGQYVGGAEARINTQWLLTSGTTEANAWHSTLVGHDTFTKVKPSAASIDAAKKAGVNNGNPLDAVQQ,CC(O)c1ccccc1.CC(=O)c1ccccc1,22,CCc1ccccc1>>CC(O)c1ccccc1.CC(=O)c1ccccc1,ttn,"reaction_temperature:25°C;reaction_ph:8.2;reaction_other_conditions:25 µM Sav, 50 µM biotC4-1, 20 mM H2O2, 40% acetone, 5% MeCN, 3 h;reaction_substrate_concentration:10 mM",22.0,,,,,0.0
DEDBL1808,1,Enantioselective Hydroxylation of Benzylic C sp sup 3 sup -H Bonds by an Artificial Iron Hydroxylase Based on the Biotin-Streptavidin Technology,E10,K121D,100,1,1,0.01,0.01,ATGGCTTCTATGACTGGTGGTCAACAAATGGGTCGTGATCAAGCTGGTATTACTGGTACTTGGTATAATCAACTTGGTTCTACTTTTATTGTTACTGCTGGTGCTGATGGTGCTCTTACTGGTACTTATGAATCTGCTGTTGGTAATGCTGAATCTCGTTATGTTCTTACTGGTCGTTATGATTCTGCTCCTGCTACTGATGGTTCTGGTACTGCTCTTGGTTGGACTGTTGCTTGGAAAAATAATTATCGTAATGCTCATTCTGCTACTACTTGGTCTGGTCAATATGTTGGTGGTGCTGAAGCTCGTATTAATACTCAATGGCTTCTTACTTCTGGTACTACTGAAGCTAATGCTTGGGATTCTACTCTTGTTGGTCATGATACTTTTACTAAAGTTAAACCTTCTGCTGCTTCTATTGATGCTGCTAAAAAAGCTGGTGTTAATAATGGTAATCCTCTTGATGCTGTTCAACAA,MASMTGGQQMGRDQAGITGTWYNQLGSTFIVTAGADGALTGTYESAVGNAESRYVLTGRYDSAPATDGSGTALGWTVAWKNNYRNAHSATTWSGQYVGGAEARINTQWLLTSGTTEANAWDSTLVGHDTFTKVKPSAASIDAAKKAGVNNGNPLDAVQQ,CC(O)c1ccccc1.CC(=O)c1ccccc1,26,CCc1ccccc1>>CC(O)c1ccccc1.CC(=O)c1ccccc1,ttn,"reaction_temperature:25°C;reaction_ph:8.2;reaction_other_conditions:25 µM Sav, 50 µM biotC4-1, 20 mM H2O2, 40% acetone, 5% MeCN, 3 h;reaction_substrate_concentration:10 mM",26.0,,,,,0.0
DEDBL1809,1,Enantioselective Hydroxylation of Benzylic C sp sup 3 sup -H Bonds by an Artificial Iron Hydroxylase Based on the Biotin-Streptavidin Technology,E11,K121C,100,1,1,0.01,0.01,ATGGCTTCTATGACTGGTGGTCAACAAATGGGTCGTGATCAAGCTGGTATTACTGGTACTTGGTATAATCAACTTGGTTCTACTTTTATTGTTACTGCTGGTGCTGATGGTGCTCTTACTGGTACTTATGAATCTGCTGTTGGTAATGCTGAATCTCGTTATGTTCTTACTGGTCGTTATGATTCTGCTCCTGCTACTGATGGTTCTGGTACTGCTCTTGGTTGGACTGTTGCTTGGAAAAATAATTATCGTAATGCTCATTCTGCTACTACTTGGTCTGGTCAATATGTTGGTGGTGCTGAAGCTCGTATTAATACTCAATGGCTTCTTACTTCTGGTACTACTGAAGCTAATGCTTGGTGTTCTACTCTTGTTGGTCATGATACTTTTACTAAAGTTAAACCTTCTGCTGCTTCTATTGATGCTGCTAAAAAAGCTGGTGTTAATAATGGTAATCCTCTTGATGCTGTTCAACAA,MASMTGGQQMGRDQAGITGTWYNQLGSTFIVTAGADGALTGTYESAVGNAESRYVLTGRYDSAPATDGSGTALGWTVAWKNNYRNAHSATTWSGQYVGGAEARINTQWLLTSGTTEANAWCSTLVGHDTFTKVKPSAASIDAAKKAGVNNGNPLDAVQQ,CC(O)c1ccccc1.CC(=O)c1ccccc1,22,CCc1ccccc1>>CC(O)c1ccccc1.CC(=O)c1ccccc1,ttn,"reaction_temperature:25°C;reaction_ph:8.2;reaction_other_conditions:25 µM Sav, 50 µM biotC4-1, 20 mM H2O2, 40% acetone, 5% MeCN, 3 h;reaction_substrate_concentration:10 mM",22.0,,,,,0.0
DEDBL1810,1,Enantioselective Hydroxylation of Benzylic C sp sup 3 sup -H Bonds by an Artificial Iron Hydroxylase Based on the Biotin-Streptavidin Technology,E12,S112A_K121L,100,1,1,0.01,0.01,ATGGCTTCTATGACTGGTGGTCAACAAATGGGTCGTGATCAAGCTGGTATTACTGGTACTTGGTATAATCAACTTGGTTCTACTTTTATTGTTACTGCTGGTGCTGATGGTGCTCTTACTGGTACTTATGAATCTGCTGTTGGTAATGCTGAATCTCGTTATGTTCTTACTGGTCGTTATGATTCTGCTCCTGCTACTGATGGTTCTGGTACTGCTCTTGGTTGGACTGTTGCTTGGAAAAATAATTATCGTAATGCTCATTCTGCTACTACTTGGTCTGGTCAATATGTTGGTGGTGCTGAAGCTCGTATTAATACTCAATGGCTTCTTACTGCTGGTACTACTGAAGCTAATGCTTGGCTTTCTACTCTTGTTGGTCATGATACTTTTACTAAAGTTAAACCTTCTGCTGCTTCTATTGATGCTGCTAAAAAAGCTGGTGTTAATAATGGTAATCCTCTTGATGCTGTTCAACAA,MASMTGGQQMGRDQAGITGTWYNQLGSTFIVTAGADGALTGTYESAVGNAESRYVLTGRYDSAPATDGSGTALGWTVAWKNNYRNAHSATTWSGQYVGGAEARINTQWLLTAGTTEANAWLSTLVGHDTFTKVKPSAASIDAAKKAGVNNGNPLDAVQQ,CC(O)c1ccccc1.CC(=O)c1ccccc1,29,CCc1ccccc1>>CC(O)c1ccccc1.CC(=O)c1ccccc1,ttn,"reaction_temperature:25°C;reaction_ph:8.2;reaction_other_conditions:25 µM Sav, 50 µM biotC4-1, 20 mM H2O2, 40% acetone, 5% MeCN, 3 h;reaction_substrate_concentration:10 mM",29.0,,,,,11.0
DEDBL1811,1,Enantioselective Hydroxylation of Benzylic C sp sup 3 sup -H Bonds by an Artificial Iron Hydroxylase Based on the Biotin-Streptavidin Technology,F1,S112Y_K121R,100,1,1,0.01,0.01,ATGGCTTCTATGACTGGTGGTCAACAAATGGGTCGTGATCAAGCTGGTATTACTGGTACTTGGTATAATCAACTTGGTTCTACTTTTATTGTTACTGCTGGTGCTGATGGTGCTCTTACTGGTACTTATGAATCTGCTGTTGGTAATGCTGAATCTCGTTATGTTCTTACTGGTCGTTATGATTCTGCTCCTGCTACTGATGGTTCTGGTACTGCTCTTGGTTGGACTGTTGCTTGGAAAAATAATTATCGTAATGCTCATTCTGCTACTACTTGGTCTGGTCAATATGTTGGTGGTGCTGAAGCTCGTATTAATACTCAATGGCTTCTTACTTATGGTACTACTGAAGCTAATGCTTGGCGTTCTACTCTTGTTGGTCATGATACTTTTACTAAAGTTAAACCTTCTGCTGCTTCTATTGATGCTGCTAAAAAAGCTGGTGTTAATAATGGTAATCCTCTTGATGCTGTTCAACAA,MASMTGGQQMGRDQAGITGTWYNQLGSTFIVTAGADGALTGTYESAVGNAESRYVLTGRYDSAPATDGSGTALGWTVAWKNNYRNAHSATTWSGQYVGGAEARINTQWLLTYGTTEANAWRSTLVGHDTFTKVKPSAASIDAAKKAGVNNGNPLDAVQQ,CC(O)c1ccccc1.CC(=O)c1ccccc1,15,CCc1ccccc1>>CC(O)c1ccccc1.CC(=O)c1ccccc1,ttn,"reaction_temperature:25°C;reaction_ph:8.2;reaction_other_conditions:25 µM Sav, 50 µM biotC4-1, 20 mM H2O2, 40% acetone, 5% MeCN, 3 h;reaction_substrate_concentration:10 mM",15.0,,,,,-1.0
DEDBL1812,1,Enantioselective Hydroxylation of Benzylic C sp sup 3 sup -H Bonds by an Artificial Iron Hydroxylase Based on the Biotin-Streptavidin Technology,F2,S112R_K121E,100,1,1,0.01,0.01,ATGGCTTCTATGACTGGTGGTCAACAAATGGGTCGTGATCAAGCTGGTATTACTGGTACTTGGTATAATCAACTTGGTTCTACTTTTATTGTTACTGCTGGTGCTGATGGTGCTCTTACTGGTACTTATGAATCTGCTGTTGGTAATGCTGAATCTCGTTATGTTCTTACTGGTCGTTATGATTCTGCTCCTGCTACTGATGGTTCTGGTACTGCTCTTGGTTGGACTGTTGCTTGGAAAAATAATTATCGTAATGCTCATTCTGCTACTACTTGGTCTGGTCAATATGTTGGTGGTGCTGAAGCTCGTATTAATACTCAATGGCTTCTTACTCGTGGTACTACTGAAGCTAATGCTTGGGAATCTACTCTTGTTGGTCATGATACTTTTACTAAAGTTAAACCTTCTGCTGCTTCTATTGATGCTGCTAAAAAAGCTGGTGTTAATAATGGTAATCCTCTTGATGCTGTTCAACAA,MASMTGGQQMGRDQAGITGTWYNQLGSTFIVTAGADGALTGTYESAVGNAESRYVLTGRYDSAPATDGSGTALGWTVAWKNNYRNAHSATTWSGQYVGGAEARINTQWLLTRGTTEANAWESTLVGHDTFTKVKPSAASIDAAKKAGVNNGNPLDAVQQ,CC(O)c1ccccc1.CC(=O)c1ccccc1,21,CCc1ccccc1>>CC(O)c1ccccc1.CC(=O)c1ccccc1,ttn,"reaction_temperature:25°C;reaction_ph:8.2;reaction_other_conditions:25 µM Sav, 50 µM biotC4-1, 20 mM H2O2, 40% acetone, 5% MeCN, 3 h;reaction_substrate_concentration:10 mM",21.0,,,,,3.0
