id,barcode_plate,plate,well,amino_acid_substitutions,alignment_count,alignment_probability,average_mutation_frequency,p_value,p_adj_value,nt_sequence,aa_sequence,smiles_string,fitness_value
DEDBL1360,1,Anti-Markovnikov alkene oxidation by metal-oxo-mediated enzyme catalysis,A1,#PARENT#,100,1,1,0.01,0.01,,MERTANPADVPAGGKSSEGKAGTPPAAEAQCPFSKMAADFDAFAGPYQADPAEALRWSRDQLPVFYSPNLGYWVVSRYDDIKAVFRDNILFSPRNALEKITPATPEAMEVLKGYGYAMNRTMVNEDEPVHMERRRALMGHFLPDNLEARQEMVRRLTREKIDAFIDSGRVDLVEAMLYEVPLNVALHFLGVPEDDIAILKNFSVAHSVNTWGKPTDEQQVAIAHDVGQFWNYAGKIIEKMRKEPDGTGWMHETIRKNAEMPDIVPDSYVHSMMMAIIVAAHETTSLASAGMFKTLLTHRQAWQDICEDPSLIPNAVEECLRYSGSIVAWRRQATAATRIGGVDIPEGAKLLIVQASGNQDERHFEDGDKFDIYRDNAVDHLTFGYGSHQCMGKNIARMEMRIFLEEMTRRLPHLQLAEQEFTYLSNTSFRGPDHVWVEWDPEKNPERADPSLANGNHRFPVGAPARRDIARKIRIKTVRREADGILGLTIEDAKGRSLPRWSAGAHIEVCVDGFDRKYSLCGRADSRDYDIAVLLEEGGRGGSRRIHEVAAEGLELRLRGPSNLFRLDEQARSYVLIAGGIGITPILAMADHLKALGRDYTIHYCGRSRRSMAFLDRLQADHGERLSVHAGDENRHAELAGIVASLPEGGQIYACGPERMISELEDLTARLPHGTLHFEHFSAQETALDPSKENAFQVELKDSGLTLEVAANVTLLDALLASGIDISCDCREGLCGSCEVEVLEGEIDHRDVVLTRTERAENRRMMSCCSRSVKGGKLKLALLEHHHHHH,C1(=CC=CC=C1)CCO,99
DEDBL1361,1,Anti-Markovnikov alkene oxidation by metal-oxo-mediated enzyme catalysis,A2,N201K_Y385H_T121A,100,1,1,0.01,0.01,,MERTANPADVPAGGKSSEGKAGTPPAAEAQCPFSKMAADFDAFAGPYQADPAEALRWSRDQLPVFYSPNLGYWVVSRYDDIKAVFRDNILFSPRNALEKITPATPEAMEVLKGYGYAMNRAMVNEDEPVHMERRRALMGHFLPDNLEARQEMVRRLTREKIDAFIDSGRVDLVEAMLYEVPLNVALHFLGVPEDDIAILKKFSVAHSVNTWGKPTDEQQVAIAHDVGQFWNYAGKIIEKMRKEPDGTGWMHETIRKNAEMPDIVPDSYVHSMMMAIIVAAHETTSLASAGMFKTLLTHRQAWQDICEDPSLIPNAVEECLRYSGSIVAWRRQATAATRIGGVDIPEGAKLLIVQASGNQDERHFEDGDKFDIYRDNAVDHLTFGHGSHQCMGKNIARMEMRIFLEEMTRRLPHLQLAEQEFTYLSNTSFRGPDHVWVEWDPEKNPERADPSLANGNHRFPVGAPARRDIARKIRIKTVRREADGILGLTIEDAKGRSLPRWSAGAHIEVCVDGFDRKYSLCGRADSRDYDIAVLLEEGGRGGSRRIHEVAAEGLELRLRGPSNLFRLDEQARSYVLIAGGIGITPILAMADHLKALGRDYTIHYCGRSRRSMAFLDRLQADHGERLSVHAGDENRHAELAGIVASLPEGGQIYACGPERMISELEDLTARLPHGTLHFEHFSAQETALDPSKENAFQVELKDSGLTLEVAANVTLLDALLASGIDISCDCREGLCGSCEVEVLEGEIDHRDVVLTRTERAENRRMMSCCSRSVKGGKLKLALLEHHHHHH,C1(=CC=CC=C1)CCO,520
DEDBL1362,1,Anti-Markovnikov alkene oxidation by metal-oxo-mediated enzyme catalysis,A3,N201K_Y385H_T121A_N209S,100,1,1,0.01,0.01,,MERTANPADVPAGGKSSEGKAGTPPAAEAQCPFSKMAADFDAFAGPYQADPAEALRWSRDQLPVFYSPNLGYWVVSRYDDIKAVFRDNILFSPRNALEKITPATPEAMEVLKGYGYAMNRAMVNEDEPVHMERRRALMGHFLPDNLEARQEMVRRLTREKIDAFIDSGRVDLVEAMLYEVPLNVALHFLGVPEDDIAILKKFSVAHSVSTWGKPTDEQQVAIAHDVGQFWNYAGKIIEKMRKEPDGTGWMHETIRKNAEMPDIVPDSYVHSMMMAIIVAAHETTSLASAGMFKTLLTHRQAWQDICEDPSLIPNAVEECLRYSGSIVAWRRQATAATRIGGVDIPEGAKLLIVQASGNQDERHFEDGDKFDIYRDNAVDHLTFGHGSHQCMGKNIARMEMRIFLEEMTRRLPHLQLAEQEFTYLSNTSFRGPDHVWVEWDPEKNPERADPSLANGNHRFPVGAPARRDIARKIRIKTVRREADGILGLTIEDAKGRSLPRWSAGAHIEVCVDGFDRKYSLCGRADSRDYDIAVLLEEGGRGGSRRIHEVAAEGLELRLRGPSNLFRLDEQARSYVLIAGGIGITPILAMADHLKALGRDYTIHYCGRSRRSMAFLDRLQADHGERLSVHAGDENRHAELAGIVASLPEGGQIYACGPERMISELEDLTARLPHGTLHFEHFSAQETALDPSKENAFQVELKDSGLTLEVAANVTLLDALLASGIDISCDCREGLCGSCEVEVLEGEIDHRDVVLTRTERAENRRMMSCCSRSVKGGKLKLALLEHHHHHH,C1(=CC=CC=C1)CCO,750
DEDBL1363,1,Anti-Markovnikov alkene oxidation by metal-oxo-mediated enzyme catalysis,A4,N201K_Y385H_T121A_N209S_E418G_N201K_Y385H_T121A_N209S_E418G,100,1,1,0.01,0.01,,MERTANPADVPAGGKSSEGKAGTPPAAEAQCPFSKMAADFDAFAGPYQADPAEALRWSRDQLPVFYSPNLGYWVVSRYDDIKAVFRDNILFSPRNALEKITPATPEAMEVLKGYGYAMNRAMVNEDEPVHMERRRALMGHFLPDNLEARQEMVRRLTREKIDAFIDSGRVDLVEAMLYEVPLNVALHFLGVPEDDIAILKKFSVAHSVSTWGKPTDEQQVAIAHDVGQFWNYAGKIIEKMRKEPDGTGWMHETIRKNAEMPDIVPDSYVHSMMMAIIVAAHETTSLASAGMFKTLLTHRQAWQDICEDPSLIPNAVEECLRYSGSIVAWRRQATAATRIGGVDIPEGAKLLIVQASGNQDERHFEDGDKFDIYRDNAVDHLTFGHGSHQCMGKNIARMEMRIFLEEMTRRLPHLQLAGQEFTYLSNTSFRGPDHVWVEWDPEKNPERADPSLANGNHRFPVGAPARRDIARKIRIKTVRREADGILGLTIEDAKGRSLPRWSAGAHIEVCVDGFDRKYSLCGRADSRDYDIAVLLEEGGRGGSRRIHEVAAEGLELRLRGPSNLFRLDEQARSYVLIAGGIGITPILAMADHLKALGRDYTIHYCGRSRRSMAFLDRLQADHGERLSVHAGDENRHAELAGIVASLPEGGQIYACGPERMISELEDLTARLPHGTLHFEHFSAQETALDPSKENAFQVELKDSGLTLEVAANVTLLDALLASGIDISCDCREGLCGSCEVEVLEGEIDHRDVVLTRTERAENRRMMSCCSRSVKGGKLKLALLEHHHHHH,C1(=CC=CC=C1)CCO,1200
DEDBL1364,1,Anti-Markovnikov alkene oxidation by metal-oxo-mediated enzyme catalysis,A5,N201K_Y385H_T121A_N209S_E418G_N201K_Y385H_T121A_N209S_E418G_V123I_I326V,100,1,1,0.01,0.01,,MERTANPADVPAGGKSSEGKAGTPPAAEAQCPFSKMAADFDAFAGPYQADPAEALRWSRDQLPVFYSPNLGYWVVSRYDDIKAVFRDNILFSPRNALEKITPATPEAMEVLKGYGYAMNRAMINEDEPVHMERRRALMGHFLPDNLEARQEMVRRLTREKIDAFIDSGRVDLVEAMLYEVPLNVALHFLGVPEDDIAILKKFSVAHSVSTWGKPTDEQQVAIAHDVGQFWNYAGKIIEKMRKEPDGTGWMHETIRKNAEMPDIVPDSYVHSMMMAIIVAAHETTSLASAGMFKTLLTHRQAWQDICEDPSLIPNAVEECLRYSGSVVAWRRQATAATRIGGVDIPEGAKLLIVQASGNQDERHFEDGDKFDIYRDNAVDHLTFGHGSHQCMGKNIARMEMRIFLEEMTRRLPHLQLAGQEFTYLSNTSFRGPDHVWVEWDPEKNPERADPSLANGNHRFPVGAPARRDIARKIRIKTVRREADGILGLTIEDAKGRSLPRWSAGAHIEVCVDGFDRKYSLCGRADSRDYDIAVLLEEGGRGGSRRIHEVAAEGLELRLRGPSNLFRLDEQARSYVLIAGGIGITPILAMADHLKALGRDYTIHYCGRSRRSMAFLDRLQADHGERLSVHAGDENRHAELAGIVASLPEGGQIYACGPERMISELEDLTARLPHGTLHFEHFSAQETALDPSKENAFQVELKDSGLTLEVAANVTLLDALLASGIDISCDCREGLCGSCEVEVLEGEIDHRDVVLTRTERAENRRMMSCCSRSVKGGKLKLALLEHHHHHH,C1(=CC=CC=C1)CCO,1600
DEDBL1365,1,Anti-Markovnikov alkene oxidation by metal-oxo-mediated enzyme catalysis,A6,N201K_Y385H_T121A_N209S_E418G_N201K_Y385H_T121A_N209S_E418G_V123I_I326V_M118L,100,1,1,0.01,0.01,,MERTANPADVPAGGKSSEGKAGTPPAAEAQCPFSKMAADFDAFAGPYQADPAEALRWSRDQLPVFYSPNLGYWVVSRYDDIKAVFRDNILFSPRNALEKITPATPEAMEVLKGYGYALNRAMINEDEPVHMERRRALMGHFLPDNLEARQEMVRRLTREKIDAFIDSGRVDLVEAMLYEVPLNVALHFLGVPEDDIAILKKFSVAHSVSTWGKPTDEQQVAIAHDVGQFWNYAGKIIEKMRKEPDGTGWMHETIRKNAEMPDIVPDSYVHSMMMAIIVAAHETTSLASAGMFKTLLTHRQAWQDICEDPSLIPNAVEECLRYSGSVVAWRRQATAATRIGGVDIPEGAKLLIVQASGNQDERHFEDGDKFDIYRDNAVDHLTFGHGSHQCMGKNIARMEMRIFLEEMTRRLPHLQLAGQEFTYLSNTSFRGPDHVWVEWDPEKNPERADPSLANGNHRFPVGAPARRDIARKIRIKTVRREADGILGLTIEDAKGRSLPRWSAGAHIEVCVDGFDRKYSLCGRADSRDYDIAVLLEEGGRGGSRRIHEVAAEGLELRLRGPSNLFRLDEQARSYVLIAGGIGITPILAMADHLKALGRDYTIHYCGRSRRSMAFLDRLQADHGERLSVHAGDENRHAELAGIVASLPEGGQIYACGPERMISELEDLTARLPHGTLHFEHFSAQETALDPSKENAFQVELKDSGLTLEVAANVTLLDALLASGIDISCDCREGLCGSCEVEVLEGEIDHRDVVLTRTERAENRRMMSCCSRSVKGGKLKLALLEHHHHHH,C1(=CC=CC=C1)CCO,1800
DEDBL1366,1,Anti-Markovnikov alkene oxidation by metal-oxo-mediated enzyme catalysis,A7,N201K_Y385H_T121A_N209S_E418G_N201K_Y385H_T121A_N209S_E418G_V123I_I326V_M118L_R120H,100,1,1,0.01,0.01,,MERTANPADVPAGGKSSEGKAGTPPAAEAQCPFSKMAADFDAFAGPYQADPAEALRWSRDQLPVFYSPNLGYWVVSRYDDIKAVFRDNILFSPRNALEKITPATPEAMEVLKGYGYALNHAMINEDEPVHMERRRALMGHFLPDNLEARQEMVRRLTREKIDAFIDSGRVDLVEAMLYEVPLNVALHFLGVPEDDIAILKKFSVAHSVSTWGKPTDEQQVAIAHDVGQFWNYAGKIIEKMRKEPDGTGWMHETIRKNAEMPDIVPDSYVHSMMMAIIVAAHETTSLASAGMFKTLLTHRQAWQDICEDPSLIPNAVEECLRYSGSVVAWRRQATAATRIGGVDIPEGAKLLIVQASGNQDERHFEDGDKFDIYRDNAVDHLTFGHGSHQCMGKNIARMEMRIFLEEMTRRLPHLQLAGQEFTYLSNTSFRGPDHVWVEWDPEKNPERADPSLANGNHRFPVGAPARRDIARKIRIKTVRREADGILGLTIEDAKGRSLPRWSAGAHIEVCVDGFDRKYSLCGRADSRDYDIAVLLEEGGRGGSRRIHEVAAEGLELRLRGPSNLFRLDEQARSYVLIAGGIGITPILAMADHLKALGRDYTIHYCGRSRRSMAFLDRLQADHGERLSVHAGDENRHAELAGIVASLPEGGQIYACGPERMISELEDLTARLPHGTLHFEHFSAQETALDPSKENAFQVELKDSGLTLEVAANVTLLDALLASGIDISCDCREGLCGSCEVEVLEGEIDHRDVVLTRTERAENRRMMSCCSRSVKGGKLKLALLEHHHHHH,C1(=CC=CC=C1)CCO,2500
DEDBL1367,1,Anti-Markovnikov alkene oxidation by metal-oxo-mediated enzyme catalysis,A8,N201K_Y385H_T121A_N209S_E418G_N201K_Y385H_T121A_N209S_E418G_V123I_I326V_M118L_R120H_V327M,100,1,1,0.01,0.01,,MERTANPADVPAGGKSSEGKAGTPPAAEAQCPFSKMAADFDAFAGPYQADPAEALRWSRDQLPVFYSPNLGYWVVSRYDDIKAVFRDNILFSPRNALEKITPATPEAMEVLKGYGYALNHAMINEDEPVHMERRRALMGHFLPDNLEARQEMVRRLTREKIDAFIDSGRVDLVEAMLYEVPLNVALHFLGVPEDDIAILKKFSVAHSVSTWGKPTDEQQVAIAHDVGQFWNYAGKIIEKMRKEPDGTGWMHETIRKNAEMPDIVPDSYVHSMMMAIIVAAHETTSLASAGMFKTLLTHRQAWQDICEDPSLIPNAVEECLRYSGSVMAWRRQATAATRIGGVDIPEGAKLLIVQASGNQDERHFEDGDKFDIYRDNAVDHLTFGHGSHQCMGKNIARMEMRIFLEEMTRRLPHLQLAGQEFTYLSNTSFRGPDHVWVEWDPEKNPERADPSLANGNHRFPVGAPARRDIARKIRIKTVRREADGILGLTIEDAKGRSLPRWSAGAHIEVCVDGFDRKYSLCGRADSRDYDIAVLLEEGGRGGSRRIHEVAAEGLELRLRGPSNLFRLDEQARSYVLIAGGIGITPILAMADHLKALGRDYTIHYCGRSRRSMAFLDRLQADHGERLSVHAGDENRHAELAGIVASLPEGGQIYACGPERMISELEDLTARLPHGTLHFEHFSAQETALDPSKENAFQVELKDSGLTLEVAANVTLLDALLASGIDISCDCREGLCGSCEVEVLEGEIDHRDVVLTRTERAENRRMMSCCSRSVKGGKLKLALLEHHHHHH,C1(=CC=CC=C1)CCO,3500
DEDBL1368,1,Anti-Markovnikov alkene oxidation by metal-oxo-mediated enzyme catalysis,A9,N201K_Y385H_T121A_N209S_E418G_N201K_Y385H_T121A_N209S_E418G_V123I_I326V_M118L_R120H_V327M_A103L,100,1,1,0.01,0.01,,MERTANPADVPAGGKSSEGKAGTPPAAEAQCPFSKMAADFDAFAGPYQADPAEALRWSRDQLPVFYSPNLGYWVVSRYDDIKAVFRDNILFSPRNALEKITPLTPEAMEVLKGYGYALNHAMINEDEPVHMERRRALMGHFLPDNLEARQEMVRRLTREKIDAFIDSGRVDLVEAMLYEVPLNVALHFLGVPEDDIAILKKFSVAHSVSTWGKPTDEQQVAIAHDVGQFWNYAGKIIEKMRKEPDGTGWMHETIRKNAEMPDIVPDSYVHSMMMAIIVAAHETTSLASAGMFKTLLTHRQAWQDICEDPSLIPNAVEECLRYSGSVMAWRRQATAATRIGGVDIPEGAKLLIVQASGNQDERHFEDGDKFDIYRDNAVDHLTFGHGSHQCMGKNIARMEMRIFLEEMTRRLPHLQLAGQEFTYLSNTSFRGPDHVWVEWDPEKNPERADPSLANGNHRFPVGAPARRDIARKIRIKTVRREADGILGLTIEDAKGRSLPRWSAGAHIEVCVDGFDRKYSLCGRADSRDYDIAVLLEEGGRGGSRRIHEVAAEGLELRLRGPSNLFRLDEQARSYVLIAGGIGITPILAMADHLKALGRDYTIHYCGRSRRSMAFLDRLQADHGERLSVHAGDENRHAELAGIVASLPEGGQIYACGPERMISELEDLTARLPHGTLHFEHFSAQETALDPSKENAFQVELKDSGLTLEVAANVTLLDALLASGIDISCDCREGLCGSCEVEVLEGEIDHRDVVLTRTERAENRRMMSCCSRSVKGGKLKLALLEHHHHHH,C1(=CC=CC=C1)CCO,3700
