experiment_id,experiment_name,experiment_date,substrate_smiles,product_smiles,assay_technique,parent_amino_acid,cif_filename
exp_5,An Enzymatic Platform for Primary Amination of 1-Aryl-2-alkyl Alkynes,23.12.2021,CCC#Cc1ccccc1.CC(C)(C)C(=O)ON.O=S(=O)(O)C(F)(F)F.CC1=C(C2=CC3=C(C(=C([N-]3)C=C4C(=C(C(=N4)C=C5C(=C(C(=N5)C=C1[N-]2)C)C=C)C)C=C)C)CCC(=O)[O-])CCC(=O)[O-].[Fe],C[C@@H](N)C#Cc1ccccc1,literature,MTIKEMPQPKTFGELKNLPLLNTDKPVQALMKIADELGEIFKFEAPGRVTRYLSSQRLIKEACDESRFDKNLSQALKFMRDFLGDGLATSWTHEKNWKKAHNILLPSFSQQAMKGYHAMMVDIAVQLVQKWERLNADEHIEVSEDMTRLTLDTIGLCGFNYRFNSFYRDQPHPFIISMVRALDEVMNKLQRANPDDPAYDENKRQFQEDIKVMNDLVDKIIADRKARGEQSDDLLTQMLNGKDPETGEPLDDGNIRYQIITFLMAGHEPTSGLLSFALYFLVKNPHVLQKVAEEAARVLVDPVPSYKQVKQLKYVGMVLNEALRLWPTVPAFSLYAKEDTVLGGEYPLEKGDEVMVLIPQLHRDKTVWGDDVEEFRPERFENPSAIPQHAFKPFGNGQRASIGQQFALHEATLVLGMMLKHFDFEDHTNYELDIKETGSLKPKGFVVKAKSKKIPLGGIPSPSTEQ,DEDB363_0.cif
exp_20,"An enzymatic platform for the asymmetric amination of primary, secondary and tertiary C(sp3)–H bonds",14.10.2019,CN(CCc1ccccc1)S(=O)(=O)N=[N+]=[N-],CN1C[C@H](c2ccccc2)NS1(=O)=O,literature,MTIKEMPQPKTFGELKNLPLLNTDKPVQALMKIADELGEIFKFEAPGRVTRYLSSQRLIKEACDESRFDKNLSQGLKFLRDFLGDGLATSWTHEKNWKKAHNILLPSFSQQAMKGYHAMMVDIAVQLVQKWERLNADEHIEVSEDMTRLTLDTIGLCGFNYRFNSFYRDQPHPFIISLVRALDEVMNKLQRANPDDPAYDENKRQFQEDIKVMNDLVDKIIADRKARGEQSDDLLTQMLNGKDPETGEPLDDGNIRYQIITFLYAGHEGTSGLLSFALYFLVKNPHVLQKVAEEAARVLVDPVPSYKQVKQLKYVGMVLNEALRLWPIVPAFSLYAKEDTVLGGEYPLEKGDEVMVLIPQLHRDKTVWGDDVEEFRPERFENPSAIPQHAFKPFGNGQRASIGQQFALHEATLVLGMMLKHFDFEDHTNYELDIKELQTLKPKGFVVKAKSKKIPLGGIPSPSTEQSAKKVRKKAENAHNTPLLVLYGSNMGTAEGTARDLADIAMSKGFAPQVATLDSHAGNLPREGAVLIVTASYNGHPPDNAKQFVDWLDQASADEVKGVRYSVFGCGDKNWATTYQKVPAFIDETLAAKGAENIADRGEADASDDFEGTYEEWREHMWSDVAAYFNLDIENSEDNKSTLSLQFVDSAADMPLAKMHGAFST,DEDB391_0.cif
exp_27,Asymmetric Alkylation of Ketones Catalyzed by Engineered TrpB,15.07.2021,N[C@@H](CO)C(=O)O.CCC(=O)c1ccccc1.CC1=NC=C(C(=C1O)C=O)COP(=O)(O)O,CC(C[C@H](N)C(=O)O)C(=O)c1ccccc1,literature,MKGYFGPYGGQYVPEILMGALEELEAAYEGIMKDESFWKEFNDLLRDYAGRPTPLYFARRLSEKYGARVYLKREDLLHTGAHKINNAIGQVLLAKLMGKTRIIAETGAGQHGVATATAAALFGMECVIYMGEEDTIRQKLNVERMKLLGAKVVPVKSGSRTLKDAIDEALRDWITNLQTTYYVFGSVVGPHPYPIIVRNFQKVIGEETKKQIPEKEGRLPDYIVACVSGGSNAAGIFYPFIDSGVKLIGVEAGGEGLETGKHAASLLKGKIGYLHGSKTFVLQDDWGQVQVSHSVSAGLDYSGVGPEHAYWRETGKVLYDAVTDEEALDAFIELSRLEGIIPALESSHALAYLKKINIKGKVVVVNLSGRGDKDLESVLNHPYVRERIR,DEDB1031_0.cif
exp_4,Biocatalytic Carbene Transfer Using Diazirines,13.05.2022,c1ccc(C2N=N2)cc1.C=CC(=O)OCc1ccccc1.CC1=C(C2=CC3=C(C(=C([N-]3)C=C4C(=C(C(=N4)C=C5C(=C(C(=N5)C=C1[N-]2)C)C=C)C)C=C)C)CCC(=O)[O-])CCC(=O)[O-].[Fe],O=C(OCc1ccccc1)[C@H]1C[C@H]1c1ccccc1,literature,MTPSDIPGYDYGRVEKSPITDLEFDLLKKTVMLGEKDVMYLKKACDVLKDQVDEILDLLVGWVASNEHLIYYFSNPDTGEPIKEYLERVRARFGAWILDTTCRDYNREWLDYQYEVGLRHHRSKKGVTDGVRTVPHIPLRYLIAQIYPITATIKPFLAKKGGSPEDIEGMYNAWFKSVVLQVAIWSHPYTKENDW,DEDB809_0.cif
exp_12,Biocatalytic Construction of Chiral Pyrrolidines and Indolines via Intramolecular C(sp3)–H Amination,14.12.2023,[N-]=[N+]=NCCCCc1ccccc1,c1ccc([C@H]2CCCN2)cc1,literature,MTIKEMPQPKTFGELKNLPLLNTDKPVQALMKIADELGEIFKFEAPGRVTRYLSSQRLIKEACDESRFDKNLSQGLKFLRDFLGDGLATSWTHEKNWKKAHNILLPSFSQQAMKGYHAMMVDIAVQLVQKWERLNADEHIEVSEDMTRLTLDTIGLCGFNYRFNSFYRDQPHPFIISLVRALDEVMNKLQRANPDDPAYDENKRQFQEDIKVMNDLVDKIIADRKARGEQSDDLLTQMLNGKDPETGEPLDDGNIRYQIITFLYAGVEGTSGLLSFALYFLVKNPHVLQKVAEEAARVLVDPVPSYKQVKQLKYVGMVLNEALRLWPIVPAFSLYAKEDTVLGGEYPLEKGDEVMVLIPQLHRDKTVWGDDVEEFRPERFENPSAIPQHAFKPFGNGQRASIGQQFALHEATLVLGMMLKHFDFEDHTNYELDIKELQTLKPKGFVVKAKSKKIPLGGIPSPSTEQSAKKVRKKAENAHNTPLLVLYGSNMGTAEGTARDLADIAMSKGFAPQVATLDSHAGNLPREGAVLIVTASYNGHPPDNAKQFVDWLDQASADEVKGVRYSVFGCGDKNWATTYQKVPAFIDETLAAKGAENIADRGEADASDDFEGTYEEWREHMWSDVAAYFNLDIENSEDNKSTLSLQFVDSAADMPLAKMHGAFSTNVVASKELQQPGSARSTRHLEIELPKEASYQEGDHLGVIPRNYEGIVNRVTARFGLDASQQIRLEAEEEKLAHLPLAKTVSVEELLQYVELQDPVTRTQLRAMAAKTVCPPHKVELEALLEKQAYKEQVLAKRLTMLELLEKYPACEMKFSEFIALLPSIRPRYYSISSSPRVDEKQASITVSVVSGEAWSGYGEYKGIASNYLAELQEGDTITCFISTPQSEFTLPKDPETPLIMVGPGTGVAPFRGFVQARKQLKEQGQSLGEAHLYFGCRSPHEDYLYQEELENAQSEGIITLHTAFSRMPNQPKTYVQHVMEQDGKKLIELLDQGAHFYICGDGSQMAPAVEATLMKSYADVHQVSEADARLWLQQLEEKGRYAKDVWAG,DEDB772_0.cif
exp_28,"Biocatalytic One-Carbon Ring Expansion of Aziridines to Azetidines via a Highly Enantioselective [1,2]-Stevens Rearrangement",08.03.2022,CCOC(=O)C=[N+]=[N-].O=C(OCc1ccccc1)N1CC1.CC1=C(C2=CC3=C(C(=C([N-]3)C=C4C(=C(C(=N4)C=C5C(=C(C(=N5)C=C1[N-]2)C)C=C)C)C=C)C)CCC(=O)[O-])CCC(=O)[O-].[Fe],CCOC(=O)[C@@H]1CCN1C(=O)OCc1ccccc1,literature,MTIKEMPQPKTFGELKNLPLLNTDKPVQALMKIADELGEIFKFEAPGRVTRYLSSQRLIKEACDESRFDKNLSQALKFARDFAGDGLVTSWTHEKNWKKAHNILLPSFSQQAMKGYHAMMVDIAVQLVQKWERLNADEHIEVSEDMTRLTLDTIGLCGFNYRFNSFYRDQPHPFIISMVRALDEVMNKLQRANPDDPAYDENKRQFQEDIKVMNDLVDKIIADRKARGEQSDDLLTQMLNGKDPETGETLDDGNIRYQIITFLGAGHEATSGLLSFALYFLVKNPHVLQKVAEEAARVLVDPVPSYKQVKQLKYVGMVLNEALRLWPTAPAFSLYAKEDTVLGGEYPLEKGDEVMVLIPQLHRDKTVWGDDVEEFRPERFENPSAIPQHAFKPFGNGQRASIGQQFALHEATLVLGMMLKHFDFEDHTNYELDIKETFTLKPKGFVVKAKSKKIPLGGIPSPSTEQSAKKVRKKAENAHNTPLLVLYGSNMGTAEGTARDLADIAMSKGFAPQVATLDSHAGNLPREGAVLIVTASYNGHPPDNAKQFVDWLDQASADEVKGVRYSVFGCGDKNWATTYQKVPAFIDETLAAKGAENIADRGEADASDDFEGTYEEWREHMWSDVAAYFNLDIENSEDNKSTLSLQFVDSAADMPLAKMHGAFSTNVVASKELQQPGSARSTRHLEIELPKEASYQEGDHLGVIPRNYEGIVNRVTARFGLDASQQIRLEAEEEKLAHLPLAKTVSVEELLQYVELQDPVTRTQLRAMAAKTVCPPHKVELEALLEKQAYKEQVLAKRLTMLELLEKYPACEMKFSEFIALLPSIRPRYYSISSSPRVDEKQASITVSVVSGEAWSGYGEYKGIASNYLAELQEGDTITCFISTPQSEFTLPKDPETPLIMVGPGTGVAPFRGFVQARKQLKEQGQSLGEAHLYFGCRSPHEDYLYQEELENAQSEGIITLHTAFSRMPNQPKTYVQHVMEQDGKKLIELLDQGAHFYICGDGSQMAPAVEATLMKSYADVHQVSEADARLWLQQLEEKGRYAKDVWAG,DEDB823_0.cif
exp_1,Biocatalytic Synthesis of α‑Amino Esters via Nitrene C−H Insertion,27.09.2024,CC(C)(C)C(=O)O[NH3+].CCOC(=O)Cc1ccc(F)cc1.O=S(=O)([O-])C(F)(F)F,CCOC(=O)[C@@H](N)c1ccc(F)cc1,literature,MTPSDIPGYDYGRVEKSPITDLEFDLLKKTVMLGEKDVMYLKKACDVLKDQVDEILDLAGGWVASNEHLIYYFSNPDTGEPIKEYLERVRARFGAWILDTTCRDYNREWLDYQYEVGLRHHRSKKGVTDGVRTVPHIPLRYLIAGIYPITATIKPFLAKKGGSPEDIEGMYNAWFKSVVLQVAIWSHPYTKENDW,DEDB675_0.cif
exp_25,"Biocatalytic, Intermolecular C−H Bond Functionalization for the Synthesis of Enantioenriched Amides",17.09.2021,CC(C)(C)C(=O)ONC(=O)CCc1ccccc1.CCc1ccc(OC)cc1,COc1ccc([C@H](C)NC(=O)CCc2ccccc2)cc1,literature,MTIKEMPQPKTFGELKNLPLLNTDKPVQALMKIADELGEIFKFEAPGRVTRYLSSQRLIKEACDESRFDKNLSQALKFVRDFLGDGLATSWTHEKNWKKAHNILLPSFSQQAMKGYHAMMVDIAVQLVQKWERLNADEHIEVSEDMTRLTLDTIGLCGFNYRFNSFYRDQPHPFIISMVRALDEVMNKLQRANPDDPAYDENKRQFQEDIKVMNDLVDKIIADRKARGEQSDDLLTQMLNGKDPETGEPLDDGNIRYQIITFLYAGHEGTSGLLSFALYFLVKNPHVLQKVAEEAARVLVDPVPSYKQVKQLKYVGMVLNEALRLWPTVPAFSLYAKEDTVLGGEYPLEKGDEVMVLIPQLHRDKTVWGDDVEEFRPERFENPSAIPQHAFKPFGNGQRASIGQQFALHEATLVLGMMLKHFDFEDHTNYELDIKETLSLKPKGFVVKAKSKKIPLGGIPSPSTEQSAKKVRKKAENAHNTPLLVLYGSNMGTAEGTARDLADIAMSKGFAPQVATLDSHAGNLPREGAVLIVTASYNGHPPDNAKQFVDWLDQASADEVKGVRYSVFGCGDKNWATTYQKVPAFIDETLAAKGAENIADRGEADASDDFEGTYEEWREHMWSDVAAYFNLDIENSEDNKSTLSLQFVDSAADMPLAKMHGAFSTNVVASKELQQPGSARSTRHLEIELPKEASYQEGDHLGVIPRNYEGIVNRVTARFGLDASQQIRLEAEEEKLAHLPLAKTVSVEELLQYVELQDPVTRTQLRAMAAKTVCPPHKVELEALLEKQAYKEQVLAKRLTMLELLEKYPACEMKFSEFIALLPSIRPRYYSISSSPRVDEKQASITVSVVSGEAWSGYGEYKGIASNYLAELQEGDTITCFISTPQSEFTLPKDPETPLIMVGPGTGVAPFRGFVQARKQLKEQGQSLGEAHLYFGCRSPHEDYLYQEELENAQSEGIITLHTAFSRMPNQPKTYVQHVMEQDGKKLIELLDQGAHFYICGDGSQMAPAVEATLMKSYADVHQVSEADARLWLQQLEEKGRYAKDVWAG,DEDB1161_0.cif
exp_23,"Biocatalytic, Stereoconvergent Alkylation of (Z/E)-Trisubstituted Silyl Enol Ethers",02.11.2023,N#CC=[N+]=[N-].CC/C=C(/O[Si](C)(C)C)c1ccccc1.CC/C=C(\O[Si](C)(C)C)c1ccccc1.CC1=C(C2=CC3=C(C(=C([N-]3)C=C4C(=C(C(=N4)C=C5C(=C(C(=N5)C=C1[N-]2)C)C=C)C)C=C)C)CCC(=O)[O-])CCC(=O)[O-].[Fe],CC[C@@H](CC#N)C(=O)c1ccccc1,literature,MTIKEMPQPKTFGELKNLPLLNTDKPVQALMKIADELGEIFKFEAPGRVTRYLSSQRLIKEACDESRFDKNLSQGLKFLRDFLGDGLATSWTHEKNWKKAHNILLPSFSQQAMKGYHAMMVDIAVQLVQKWERLNADEHIEVSEDMTRLTLDTIGLCGFNYRFNSFYRDQPHPFIISLVRALDEVMNKLQRANPDDPAYDENKRQFQEDIKVMNDLVDKIIADRKARGEQSDDLLTQMLNGKDPETGEPLDDGNIRYQIITFLWAGHEGTSGLLSFALYFLVKNPHVLQKVAEEAARVLVDPVPSYKQVKQLKYVGMVLNEALRLWPPVPAFSLYAKEDTVLGGEYPLEKGDEVMVLIPQLHRDKTVWGDDVEEFRPERFENPSAIPQHAFKPFGNGQRASIGQQFALHEATLVLGMMLKHFDFEDHTNYELDIKELQTLKPKGFVVKAKSKKIPLGGIPSPSTEQSAKKVRKKAENAHNTPLLVLYGSNMGTAEGTARDLADIAMSKGFAPQVATLDSHAGNLPREGAVLIVTASYNGHPPDNAKQFVDWLDQASADEVKGVRYSVFGCGDKNWATTYQKVPAFIDETLAAKGAENIADRGEADASDDFEGTYEEWREHMWSDVAAYFNLDIENSEDNKSTLSLQFVDSAADMPLAKMHGAFST,DEDB894_0.cif
exp_8,"Biocatalytic, enantioenriched primary amination of tertiary C–H bonds",03.05.2024,CC(C)(C)C(=O)ON.O=S(=O)(O)C(F)(F)F.CCC(C)c1ccccc1,CC[C@](C)(N)c1ccccc1,literature,MTIKEMPQPKTFGELKNLPLLNTDKPVQALMKIADELGEIFKFEAPGRVTRYLSSQRLIKEACDESRFDKNLSQALKFMRDFLGDGLATSWTHEKNWKKAHNILLPSFSQQAMKGYHAMMVDIAVQLVQKWERLNADEHIEVSEDMTRLTLDTIGLCGFNYRFNSFYRDQPHPFIISMVRALDEVMNKLQRANPDDPAYDENKRQFQEDIKVMNDLVDKIIADRKARGEQSDDLLTQMLNGKDPETGEPLDDGNIRYQIITFLMAGHDPTSGLLSFALYFLVKNPHVLQKVAEEAARVLVDPVPSYKQVKQLKYVGMVLNEALRLWPAVPAFSLYAKEDTVLGGEYPLEKGDEVMVLIPQLHRDKTVWGDDVEEFRPERFENPSAIPQHAFKPFGRGQRASIGQQFALHEATLVLGMMLKHFDFEDHTNYELDIKETFVLKPKGFVVKAKSKKIPLGGIPSPSTEQSAKKVRKKAENAHNTPLLVLYGSNMGTAEGTARDLADIAMSKGFAPQVATLDSHAGNLPREGAVLIVTASYNGHPPDNAKQFVDWLDQASADEVKGVRYSVFGCGDKNWATTYQKVPAFIDETLAAKGAENIADRGEADASDDFEGTYEEWREHMWSDVAAYFNLDIENSEDNKSTLSLQFVDSAADMPLAKMHGAFSTNVVASKELQQPGSARSTRHLEIELPKEASYQEGDHLGVIPRNYEGIVNRVTARFGLDASQQIRLEAEEEKLAHLPLAKTVSVEELLQYVELQDPVTRTQLRAMAAKTVCPPHKVELEALLEKQAYKEQVLAKRLTMLELLEKYPACEMKFSEFIALLPSIRPRYYSISSSPRVDEKQASITVSVVSGEAWSGYGEYKGIASNYLAELQEGDTITCFISTPQSEFTLPKDPETPLIMVGPGTGVAPFRGFVQARKQLKEQGQSLGEAHLYFGCRSPHEDYLYQEELENAQSEGIITLHTAFSRMPNQPKTYVQHVMEQDGKKLIELLDQGAHFYICGDGSQMAPAVEATLMKSYADVHQVSEADARLWLQQLEEKGRYAKDVWAG,DEDB841_0.cif
exp_22,Chemodivergent C(sp3)–H and C(sp2)–H Cyanomethylation Using Engineered Carbene Transferases,19.01.2023,N#CC=[N+]=[N-].c1ccc(N2CCOCC2)cc1,N#CCc1ccccc1N1CCOCC1,literature,MTIKEMPQPKTFGELKNLPLLNTDKPVQALMKIADELGEIFKFEAPGRVTRYLSSQRLIKEACDESRFDKTLSQGLKFLRDFLGDGLATSWTHEKNWKKAHNILLPSFSQQAMKGYHASMVDIAVQLVQKWERLNADEHIEVSEDMTRLTLDTIGLCGFNYRFNSFYRDQPHPFIISMVRALDEVMNKLQRANPDDPAYDENKRQFQEDIKVMNDLVDKIIADRKATGEQSDDLLTQMLNGKDPETGEPLDDGNIRYQIITFLYAGVEGTSGLLSFALYFLVKNPHVLQKVAEEAARVLVDPVPSYKQVKQLKYVGMVLNEALRLWPVVPVFSLYAKEDTVLGGEYPLEKGDEVMVLIPQLHRDKTVWGDDVEEFRPERFENPSAIPQHAFKPFGNGQRASPGQQFALHEATLVLGMMLKHFDFEDHTNYELDIKELQTLKPKGFVVKAKSKKIPLGGIPSPSTEQSAKKVRKKAENAHNTPLLVLYGSNMGTAEGTARDLADIAMSKGFAPQVATLDSHAGNLPREGAVLIVTASYNGHPPDNAKQFVDWLDQASADEVKGVRYSVFGCGDKNWATTYQKVPAFIDETLAAKGAENIADRGEADASDDFEGTYEEWREHMWSDVAAYFNLDIENSEDNKSTLSLQFVDSAADMPLAKMHGAFST,DEDB997_0.cif
exp_15,Direct Enzymatic Synthesis of a Deep-Blue Fluorescent Noncanonical Amino Acid from Azulene and Serine,12.09.2019,c1ccc2[nH]ccc2c1.N[C@@H](CO)C(=O)O.CC1=NC=C(C(=C1O)C=O)COP(=O)(O)O,N[C@@H](Cc1c[nH]c2ccccc12)C(=O)O,literature,MKGYFGPYGGQYVPEILMPALEELEAAYEEIMKDESFWKEFNDLLRDYAGRPTPLYFARRLSEKYGARIYLKREDLLHTGAHKINNAIGQVLLAKKMGKTRIIAETGAGQHGVATATAAALFGMECVIYMGEEDTIRQKPNVERMKLLGAKVVPVKSGSRTLKDAINEALRDWITNLQTTYYVIGSVVGPHPYPIIVRNFQKVIGEETKKQILEKEGRLPDYIVACVGGGSNAAGIFYPFIDSGVKLIGVEAGGEGLETGKHAASLLKGKIGYLHGSKTFVLQDDWGQVQVTHSVSAGLDYSGVGPEHAYWRETGKVLYDAVTDEEALDAFIELSRLEGIIPALESSHALAYLKKINIKGKVVVVNLSGRGDKDLESVLNHPYVRERIR,DEDB988_0.cif
exp_33,Directed Evolution of a Cytochrome P450 Carbene Transferase for Selective Functionalization of Cyclic Compounds,09.05.2019,CCOC(=O)C=[N+]=[N-].Cn1ccc2ccccc21.CC1=C(C2=CC3=C(C(=C([N-]3)C=C4C(=C(C(=N4)C=C5C(=C(C(=N5)C=C1[N-]2)C)C=C)C)C=C)C)CCC(=O)[O-])CCC(=O)[O-].[Fe],CCOC(=O)Cc1cn(C)c2ccccc12,literature,MTIKEMPQPKTFGELKNLPLLNTDKPVQALMKIADELGEIFKFEAPGRVTRYLSSQRLIKEACDESRFDKNLSQALKFARDFAGDGLVTSWTHEKNWKKAHNILLPSFSQQAMKGYHAMMVDIAVQLVQKWERLNADEHIEVSEDMTRLTLDTIGLCGFNYRFNSFYRDQPHPFIISMVRALDEVMNKLQRANPDDPAYDENKRQFQEDIKVMNDLVDKIIADRKARGEQSDDLLTQMLNGKDPETGEPLDDGNIRYQIITFLIAGHEATSGLLSFALYFLVKNPHVLQKVAEEAARVLVDPVPSYKQVKQLKYVGMVLNEALRLWPTAPAFSLYAKEDTVLGGEYPLEKGDEVMVLIPQLHRDKTVWGDDVEEFRPERFENPSAIPQHAFKPFGNGQRASIGQQFALHEATLVLGMMLKHFDFEDHTNYELDIKETLTLKPKGFVVKAKSKKIPLGGIPSPSTEQSAKKVRKKAENAHNTPLLVLYGSNMGTAEGTARDLADIAMSKGFAPQVATLDSHAGNLPREGAVLIVTASYNGHPPDNAKQFVDWLDQASADEVKGVRYSVFGCGDKNWATTYQKVPAFIDETLAAKGAENIADRGEADASDDFEGTYEEWREHMWSDVAAYFNLDIENSEDNKSTLSLQFVDSAADMPLAKMHGAFSTNVVASKELQQPGSARSTRHLEIELPKEASYQEGDHLGVIPRNYEGIVNRVTARFGLDASQQIRLEAEEEKLAHLPLAKTVSVEELLQYVELQDPVTRTQLRAMAAKTVCPPHKVELEALLEKQAYKEQVLAKRLTMLELLEKYPACEMKFSEFIALLPSIRPRYYSISSSPRVDEKQASITVSVVSGEAWSGYGEYKGIASNYLAELQEGDTITCFISTPQSEFTLPKDPETPLIMVGPGTGVAPFRGFVQARKQLKEQGQSLGEAHLYFGCRSPHEDYLYQEELENAQSEGIITLHTAFSRMPNQPKTYVQHVMEQDGKKLIELLDQGAHFYICGDGSQMAPAVEATLMKSYADVHQVSEADARLWLQQLEEKGRYAKDVWAG,DEDB38_0.cif
exp_2,Directed evolution of cytochrome c for carbon–silicon bond formation: Bringing silicon to life,25.11.2016,C[SiH](C)c1ccccc1.CCOC(=O)C(C)=[N+]=[N-],CCOC(=O)[C@@H](C)[Si](C)(C)c1ccccc1,literature,MTESGTAAQDPEALAAEIGPVKQVSLGEQIDAALAQQGEQLFNTYCTACHRLDERFIGPALRDVTKRRGPVYIMNVMLNPNGMIQRHPVMKQLVQEYGTMMTDMALSEEQARAILEYLRQVAENQLE,DEDB1290_0.cif
exp_24,Directed evolution of enzymatic silicon-carbon bond cleavage in siloxanes,25.01.2024,C[Si](C)(C)O[Si](C)(C)C.CC1=C(C2=CC3=C(C(=C([N-]3)C=C4C(=C(C(=N4)C=C5C(=C(C(=N5)C=C1[N-]2)C)C=C)C)C=C)C)CCC(=O)[O-])CCC(=O)[O-].[Fe],C[Si](C)(C)O[Si](C)(C)CO.C[Si](C)(C)O[Si](C)(C)O,literature,TIKEMPQPKTFGELKNLPLLNTDKPVQALMKIADELGEIFKFEAPGRVTRYLSSQRLIKEACDESRFDKNLSQALKFARDFVGDGLGTSWTHEKNWKKAHNILLPSFSQQAMKGYHAMMVDIAVQLVQKWERLNADEHIEVSEDMTRLTLDTIGLCGFNYRFNSFYRDQPHPFIISMVRALDEVMNKLQRANPDDPAYDENKRQFQEDIKVMNDLVDKIIADRKARGEQSDDLLTQMLNGKDPETGEPLDDGNIRYQIITFLIAGHETTSGLLSFALYFLVKNPHVLQKVAEEAARVLVDPVPSYKQVKQLKYVGMVLNEALRLWPTAPAFSLYAKEDTVLGGEYPLEKGDEVMVLIPQLHRDKTVWGDDVEEFRPERFENPSAIPQHAFKPFGNGQRACIGQQFALHEATLVLGMMLKHFDFEDHTNYELDIKETLTLKPKGF,DEDB1227_0.cif
exp_34,Diversity-Oriented Enzymatic Synthesis of Cyclopropane BuildingBlocks,04.06.2020,CCOC(=O)C=[N+]=[N-].C=CB1OC(C)(C)C(C)(C)O1.CC1=C(C2=CC3=C(C(=C([N-]3)C=C4C(=C(C(=N4)C=C5C(=C(C(=N5)C=C1[N-]2)C)C=C)C)C=C)C)CCC(=O)[O-])CCC(=O)[O-].[Fe],CCOC(=O)[C@@H]1C[C@@H]1B1OC(C)(C)C(C)(C)O1,literature,MAPTLSEQTRQLVRASVPALQKHSVAISATMYRLLFERYPETRSLFELPERQIHKLASALLAYARSIDNPSALQAAIRRMVLSHARAGVQAVHYPLVWECLRDAIKEVLGPDATETLLQAWKEAYDFLAHLLSTKEAQVYAVLAE,DEDB1072_0.cif
exp_30,Dual-Function Enzyme Catalysis for Enantioselective Carbon-Nitrogen Bond Formation,18.10.2021,[N-]=[N+]=C1CCOC1=O.CNc1ccccc1.CC1=C(C2=CC3=C(C(=C([N-]3)C=C4C(=C(C(=N4)C=C5C(=C(C(=N5)C=C1[N-]2)C)C=C)C)C=C)C)CCC(=O)[O-])CCC(=O)[O-].[Fe],CN(c1ccccc1)[C@H]1CCOC1=O,literature,MTIKEMPQPKTFGELKNLPLLNTDKPVQALMKIADELGEIFKFEAPGRVTRYLSSQRLIKEACDESRFDKELSQGLKFLRDFLGDGLATSWTHEKNWKKAHNILLPSFSQQAMKGYHASMVDIAVQLVQKWERLNADEHIEVSEDMTRLTLDTIGLCGFNYRLNSFYRDQPHPFIISLVRALDEVMNKLQRANPDDPAYDENKRQFQEDIKVMNDLVDKIIADRKARGEQSDDLLTQMLNGKDPETGEPLDDGNIRYQIITFLYAGVEGTSGLLSFALYFLVKNPHVLQKVAEEAARVLVDPVPSYKQVKQLKYVGMVLNEALRLWPTVPYFSLYAKEDTVLGGEYPLEKGDEVMVLIPQLHRDKTVWGDDVEEFRPERFENPSAIPQHAFKPFGNGQRASLGQQFALHEATLVLGMMLKHFDFEDHTNYELDIKELQTLKPKGFVVKAKSKKIPLGGIPSPSTEQSAKKVRKKAENAHNTPLLVLYGSNMGTAEGTARDLADIAMSKGFAPQVATLDSHAGNLPREGAVLIVTASYNGHPPDNAKQFVDWLDQASADEVKGVRYSVFGCGDKNWATTYQKVPAFIDETLAAKGAENIADRGEADASDDFEGTYEEWREHMWSDVAAYFNLDIENSEDNKSTLSLQFVDSAADMPLAKMHGAFST,DEDB0_0.cif
exp_21,"Enantio- and Diastereoenriched Enzymatic Synthesis of 1,2,3- Polysubstituted Cyclopropanes from (Z/E)‑Trisubstituted Enol Acetates",11.07.2023,N#CC=[N+]=[N-].CC/C=C(/OC(C)=O)c1ccccc1.CC/C=C(\OC(C)=O)c1ccccc1,CC[C@H]1[C@@H](C#N)[C@]1(OC(C)=O)c1ccccc1,literature,MTIKEMPQPKTFGELKNLPLLNTDKPVQALMKIADELGEIFKFEAPGRVTRYLSSQRLIKEACDESRFDKNLSQGLKFLRDFLGDGLATSWTHEKNWKKAHNILLPSFSQQAMKGYHAMMVDIAVQLVQKWERLNADEHIEVSEDMTRLTLDTIGLCGFNYRFNSFYRDQPHPFIISLVRALDEVMNKLQRANPDDPAYDENKRQFQEDIKVMNDLVDKIIADRKARGEQSDDLLTQMLNGKDPETGEPLDDGNIRYQIITFLYAGHEGTSGLLSFALYFLVKNPHVLQKVAEEAARVLVDPVPSYKQVKQLKYVGMVLNEALRLWPIVPAFSLYAKEDTVLGGEYPLEKGDEVMVLIPQLHRDKTVWGDDVEEFRPERFENPSAIPQHAFKPFGNGQRASIGQQFALHEATLVLGMMLKHFDFEDHTNYELDIKELQTLKPKGFVVKAKSKKIPLGGIPSPSTEQSAKKVRKKAENAHNTPLLVLYGSNMGTAEGTARDLADIAMSKGFAPQVATLDSHAGNLPREGAVLIVTASYNGHPPDNAKQFVDWLDQASADEVKGVRYSVFGCGDKNWATTYQKVPAFIDETLAAKGAENIADRGEADASDDFEGTYEEWREHMWSDVAAYFNLDIENSEDNKSTLSLQFVDSAADMPLAKMHGAFST,DEDB510_0.cif
exp_17,Enantiodivergent α-Amino C–H Fluoroalkylation Catalyzed by Engineered Cytochrome P450s,07.06.2019,[N-]=[N+]=CC(F)(F)F.c1ccc(N2CCCC2)cc1,FC(F)(F)C[C@H]1CCCN1c1ccccc1,literature,MTIKEMPQPKTFGELKNLPLLNTDKPVQALMKIADELGEIFKFEAPGRVTRYLSSQRLIKEACDESRFDKELSQGLKFLRDFLGDGLATSWTHEKNWKKAHNILLPSFSQQAMKGYHASMVDIAVQLVQKWERLNADEHIEVSEDMTRLTLDTIGLCGFNYRFNSFYRDQPHPFIISLVRALDEVMNKLQRANPDDPAYDENKRQFQEDIKVMNDLVDKIIADRKARGEQSDDLLTQMLNGKDPETGEPLDDGNIRYQIITFLYAGVEGTSGLLSFALYFLVKNPHVLQKVAEEAARVLVDPVPSYKQVKQLKYVGMVLNEALRLWPVVPYFSLYAKEDTVLGGEYPLEKGDEVMVLIPQLHRDKTVWGDDVEEFRPERFENPSAIPQHAFKPFGNGQRASLGQQFALHEATLVLGMMLKHFDFEDHTNYELDIKELQTLKPKGFVVKAKSKKIPLGGIPSPSTEQSAKKVRKKAENAHNTPLLVLYGSNMGTAEGTARDLADIAMSKGFAPQVATLDSHAGNLPREGAVLIVTASYNGHPPDNAKQFVDWLDQASADEVKGVRYSVFGCGDKNWATTYQKVPAFIDETLAAKGAENIADRGEADASDDFEGTYEEWREHMWSDVAAYFNLDIENSEDNKSTLSLQFVDSAADMPLAKMHGAFST,DEDB478_0.cif
exp_9,Engineered Cytochrome c-Catalyzed Lactone-Carbene B–H Insertion,14.01.2019,[BH3-]c1n(C)cc[n+]1C.[N-]=[N+]=C1CCOC1=O,Cn1cc[n+](C)c1[BH2-]C1CCOC1=O,literature,MTESGTAAQDPEALAAEIGPVKQVSLGEQIDAALAQQGEQLFNTYCTACHRLDERFIGPALRDVTKRRGPVYIMNVMLNPNGMIQRHPVMKQLVQEYGTMMTDMALSEEQARAILEYLRQVAENQLE,DEDB1059_0.cif
exp_29,Engineering Cytochrome P450s for EnantioselectiveCyclopropenation of Internal Alkynes,29.03.2020,CCOC(=O)C=[N+]=[N-].CCC#Cc1ccccc1.CC1=C(C2=CC3=C(C(=C([N-]3)C=C4C(=C(C(=N4)C=C5C(=C(C(=N5)C=C1[N-]2)C)C=C)C)C=C)C)CCC(=O)[O-])CCC(=O)[O-].[Fe],CCOC(=O)[C@H]1C(CC)=C1c1ccccc1,literature,MTIKEMPQPKTFGELKNLPLLNTDKPVQALMKIADELGEIFKFEAPGRVTRYLSSQRLIKEACDESRFDKELSQGLKFLRDFLGDGLATSWTHEKNWKKAHNILLPSFSQQAMKGYHASMVDIAVQLVQKWERLNADEHIEVSEDMTRLTLDTIGLCGFNYRLNSFYRDQPHPFIISLVRALDEVMNKLQRANPDDPAYDENKRQFQEDIKVMNDLVDKIIADRKARGEQSDDLLTQMLNGKDPETGEPLDDGNIRYQIITFLYAGVEGTSGLLSFALYFLVKNPHVLQKVAEEAARVLVDPVPSYKQVKQLKYVGMVLNEALRLWPTVPYFSLYAKEDTVLGGEYPLEKGDEVMVLIPQLHRDKTVWGDDVEEFRPERFENPSAIPQHAFKPFGNGQRASLGQQFALHEATLVLGMMLKHFDFEDHTNYELDIKELQTLKPKGFVVKAKSKKIPLGGIPSPSTEQSAKKVRKKAENAHNTPLLVLYGSNMGTAEGTARDLADIAMSKGFAPQVATLDSHAGNLPREGAVLIVTASYNGHPPDNAKQFVDWLDQASADEVKGVRYSVFGCGDKNWATTYQKVPAFIDETLAAKGAENIADRGEADASDDFEGTYEEWREHMWSDVAAYFNLDIENSEDNKSTLSLQFVDSAADMPLAKMHGAFST,DEDB76_0.cif
exp_7,Enzymatic Assembly of Diverse Lactone Structures: An Intramolecular C−H Functionalization Strategy,02.01.2024,[N-]=[N+]=CC(=O)OCCc1ccccc1,O=C1C[C@@H](c2ccccc2)CO1,literature,MTIKEMPQPKTFGELKNLPLLNTDKPVQALMKIADELGEIFKFEAPGRVTRYLSSQRLIKEACDESRFDKELSQGLKFLRDFLGDGLATSWTHEKNWKKAHNILLPSFSQQAMKGYHASMVDIAVQLVQKWERLNADEHIEVSEDMTRLTLDTIGLCGFNYRLNSFYRDQPHPFIISLVRALDEVMNKLQRANPDDPAYDENKRQFQEDIKVMNDLVDKIIADRKARGEQSDDLLTQMLNGKDPETGEPLDDGNIRYQIITFLYAGVEGTSGLLSFALYFLVKNPHVLQKVAEEAARVLVDPVPSYKQVKQLKYVGMVLNEALRLWPTVPYFSLYAKEDTVLGGEYPLEKGDEVMVLIPQLHRDKTVWGDDVEEFRPERFENPSAIPQHAFKPFGNGQRASLGQQFALHEATLVLGMMLKHFDFEDHTNYELDIKELQTLKPKGFVVKAKSKKIPLGGIPSPSTEQSAKKVRKKAENAHNTPLLVLYGSNMGTAEGTARDLADIAMSKGFAPQVATLDSHAGNLPREGAVLIVTASYNGHPPDNAKQFVDWLDQASADEVKGVRYSVFGCGDKNWATTYQKVPAFIDETLAAKGAENIADRGEADASDDFEGTYEEWREHMWSDVAAYFNLDIENSEDNKSTLSLQFVDSAADMPLAKMHGAFST,DEDB1085_0.cif
exp_18,Enzymatic Lactone-Carbene C−H Insertion to Build Contiguous Chiral Centers,20.04.2020,[N-]=[N+]=C1CCOC1=O.Cc1ccc(N(C)C)cc1,Cc1ccc(N(C)C[C@H]2CCOC2=O)cc1,literature,MTIKEMPQPKTFGELKNLPLLNTDKPVQALMKIADELGEIFKFEAPGRVTRYLSSQRLIKEACDESRFDKELSQGLKFLRDFLGDGLATSWTHEKNWKKAHNILLPSFSQQAMKGYHASMVDIAVQLVQKWERLNADEHIEVSEDMTRLTLDTIGLCGFNYRLNSFYRDQPHPFIISLVRALDEVMNKLQRANPDDPAYDENKRQFQEDIKVMNDLVDKIIADRKARGEQSDDLLTQMLNGKDPETGEPLDDGNIRYQIITFLYAGVEGTSGLLSFALYFLVKNPHVLQKVAEEAARVLVDPVPSYKQVKQLKYVGMVLNEALRLWPTVPYFSLYAKEDTVLGGEYPLEKGDEVMVLIPQLHRDKTVWGDDVEEFRPERFENPSAIPQHAFKPFGNGQRASLGQQFALHEATLVLGMMLKHFDFEDHTNYELDIKELQTLKPKGFVVKAKSKKIPLGGIPSPSTEQSAKKVRKKAENAHNTPLLVLYGSNMGTAEGTARDLADIAMSKGFAPQVATLDSHAGNLPREGAVLIVTASYNGHPPDNAKQFVDWLDQASADEVKGVRYSVFGCGDKNWATTYQKVPAFIDETLAAKGAENIADRGEADASDDFEGTYEEWREHMWSDVAAYFNLDIENSEDNKSTLSLQFVDSAADMPLAKMHGAFSTNVVASKELQQPGSARSTRHLEIELPKEASYQEGDHLGVIPRNYEGIVNRVTARFGLDASQQIRLEAEEEKLAHLPLAKTVSVEELLQYVELQDPVTRTQLRAMAAKTVCPPHKVELEALLEKQAYKEQVLAKRLTMLELLEKYPACEMKFSEFIALLPSIRPRYYSISSSPRVDEKQASITVSVVSGEAWSGYGEYKGIASNYLAELQEGDTITCFISTPQSEFTLPKDPETPLIMVGPGTGVAPFRGFVQARKQLKEQGQSLGEAHLYFGCRSPHEDYLYQEELENAQSEGIITLHTAFSRMPNQPKTYVQHVMEQDGKKLIELLDQGAHFYICGDGSQMAPAVEATLMKSYADVHQVSEADARLWLQQLEEKGRYAKDVWAG,DEDB117_0.cif
exp_3,Enzymatic Nitrogen Incorporation Using Hydroxylamine,06.09.2023,Cl.C=Cc1ccc(OC)cc1.NO.CC1=C(C2=CC3=C(C(=C([N-]3)C=C4C(=C(C(=N4)C=C5C(=C(C(=N5)C=C1[N-]2)C)C=C)C)C=C)C)CCC(=O)[O-])CCC(=O)[O-].[Fe],COc1ccc(C(C)N)cc1,literature,MAVPGYDFGKVPDAPISDADFESLKKTVMWGEEDEKYRKMACEALKGQVEDILDLWYGLQGSNQHLIYYFGDKSGRPIPQYLEAVRKRFGLWIIDTLCKPLDRQWLNYMYEIGLRHHRTKKGKTDGVDTVEHIPLRYMIAFIAPIGLTIKPILEKSGHPPEAVERMWAAWVKLVVLQVAIWSYPYAKTGEW,DEDB1239_0.cif
exp_6,Enzymatic Nitrogen Insertion into Unactivated C–H Bonds,04.10.2022,CC(C)(C)C(=O)O[NH3+].CC1CCCCC1.O=S(=O)([O-])C(F)(F)F,C[C@H]1CCC[C@@H](N)C1,literature,TIKEMPQPKTFGELKNLPLLNTDKPVQALMKIADELGEIFKFEAPGRVTRYLSSQRLIKEACDESRFDKNLSQALKFMRDFLGDGLATSWTHEKNWKKAHNILLPSFSQQAMKGYHAMMVDIAVQLVQKWERLNADEHIEVSEDMTRLTLDTIGLCGFNYRFNSFYRDQPHPFIISMVRALDEVMNKLQRANPDDPAYDENKRQFQEDIKVMNDLVDKIIADRKARGEQSDDLLTQMLNGKDPETGEPLDDGNIRYQIITFLMAGHDPTSGLLSFALYFLVKNPHVLQKVAEEAARVLVDPVPSYKQVKQLKYVGMVLNEALRLWPAVPAFSLYAKEDTVLGGEYPLEKGDEVMVLIPQLHRDKTVWGDDVEEFRPERFENPSAIPQHAFKPFGRGQRASIGQQFALHEATLVLGMMLKHFDFEDHTNYELDIKETFSLKPKGFVVKAKSKKIPLGGIPSPSTEQSAKKVRKKAENAHNTPLLVLYGSNMGTAEGTARDLADIAMSKGFAPQVATLDSHAGNLPREGAVLIVTASYNGHPPDNAKQFVDWLDQASADEVKGVRYSVFGCGDKNWATTYQKVPAFIDETLAAKGAENIADRGEADASDDFEGTYEEWREHMWSDVAAYFNLDIENSEDNKSTLSLQFVDSAADMPLAKMHGAFSTNVVASKELQQPGSARSTRHLEIELPKEASYQEGDHLGVIPRNYEGIVNRVTARFGLDASQQIRLEAEEEKLAHLPLAKTVSVEELLQYVELQDPVTRTQLRAMAAKTVCPPHKVELEALLEKQAYKEQVLAKRLTMLELLEKYPACEMKFSEFIALLPSIRPRYYSISSSPRVDEKQASITVSVVSGEAWSGYGEYKGIASNYLAELQEGDTITCFISTPQSEFTLPKDPETPLIMVGPGTGVAPFRGFVQARKQLKEQGQSLGEAHLYFGCRSPHEDYLYQEELENAQSEGIITLHTAFSRMPNQPKTYVQHVMEQDGKKLIELLDQGAHFYICGDGSQMAPAVEATLMKSYADVHQVSEADARLWLQQLEEKGRYAKDVWAG,DEDB594_0.cif
exp_14,Enzymatic Primary Amination of Benzylic and Allylic C(sp3)–H Bonds,25.05.2020,CC(C)(C)C(=O)O[NH3+].c1ccc2c(c1)CCCC2.O=S(=O)([O-])C(F)(F)F,N[C@@H]1CCCc2ccccc21,literature,MTIKEMPQPKTFGELKNLPLLNTDKPVQALMKIADELGEIFKFEAPGRVTRYLSSQRLIKEACDESRFDKNLSQAVKFVRDFLGDGLATSWTHEKNWKKAHNILLPSFSQQAMKGYHAMMVDIAVQLVQKWERLNADEHIEVSEDMTRLTLDTIGLCGFNYRFNSFYRDQPHPFIISMVRALDEVMNKLQRANPDDPAYDENKRQFQEDIKVMNDLVDKIIADRKARGEQSDDLLTQMLNGKDPETGEPLDDGNIRYQIITFLMAGHEGTSGLLSFALYFLVKNPHVLQKVAEEAARVLVDPVPSYKQVKQLKYVGMVLNEALRLWPTVPAFSLYAKEDTVLGGEYPLEKGDEVMVLIPQLHRDKTVWGDDVEEFRPERFENPSAIPQHAFKPFGNGQRASIGQQFALHEATLVLGMMLKHFDFEDHTNYELDIKETLSLKPKGFVVKAKSKKIPLGGIPSPSTEQSAKKVRKKAENAHNTPLLVLYGSNMGTAEGTARDLADIAMSKGFAPQVATLDSHAGNLPREGAVLIVTASYNGHPPDNAKQFVDWLDQASADEVKGVRYSVFGCGDKNWATTYQKVPAFIDETLAAKGAENIADRGEADASDDFEGTYEEWREHMWSDVAAYFNLDIENSEDNKSTLSLQFVDSAADMPLAKMHGAFSTNVVASKELQQPGSARSTRHLEIELPKEASYQEGDHLGVIPRNYEGIVNRVTARFGLDASQQIRLEAEEEKLAHLPLAKTVSVEELLQYVELQDPVTRTQLRAMAAKTVCPPHKVELEALLEKQAYKEQVLAKRLTMLELLEKYPACEMKFSEFIALLPSIRPRYYSISSSPRVDEKQASITVSVVSGEAWSGYGEYKGIASNYLAELQEGDTITCFISTPQSEFTLPKDPETPLIMVGPGTGVAPFRGFVQARKQLKEQGQSLGEAHLYFGCRSPHEDYLYQEELENAQSEGIITLHTAFSRMPNQPKTYVQHVMEQDGKKLIELLDQGAHFYICGDGSQMAPAVEATLMKSYADVHQVSEADARLWLQQLEEKGRYAKDVWAG,DEDB934_0.cif
exp_31,Expanding Biocatalysis for Organosilane Functionalization: Enantioselective Nitrene Transfer to Benzylic Si–C–H Bonds,16.12.2023,CC(=O)NOC(=O)C(C)(C)C.C[Si](C)(C)Cc1ccccc1,CC(=O)N[C@@H](c1ccccc1)[Si](C)(C)C,literature,TIKEMPQPKTFGELKNLPLLNTDKPVQALMKIADELGEIFKFEAPGRVTRYLSSQRLIKEACDESRFDKSLSQQLKFLRDFLGDGLATSWTHEKNWKKAHNILLPSFSQQAMKGYHAMMVDIAVQLVQKWERLNADEHIEVSEDMTRLTLDTIGLCGFNYRFNSFYRDQPHPFIISMVRALDEVMNKLQRANPDDPAYDENKRQFQEDIKVMNDLVDKIIADRKATGEQSDDLLTQMLNGKDPETGEPLDDVNIRYQIITFLVAGHEGTSGLLSFALYFLVKNPHVLQKVAEEAARVLVDPVPSYKQVKQLKYVGMVLNEALRLWPTTPAFSLYAKEDTVLGGEYPLEKGDEVMVLIPQLHRDKTVWGDDVEEFRPERFENPSAIPQHAFKPFGNGQRAALGQQFALHEATLVLGMMLKHFDFEDHTNYELDIKETLTLKPKGFVVKAKSKKIPLGGIPSPSTEQSAKKVRKKAENAHNTPLLVLYGSNMGTAEGTARDLADIAMSKGFAPQVATLDSHAGNLPREGAVLIVTASYNGHPPDNAKQFVDWLDQASADEVKGVRYSVFGCGDKNWATTYQKVPAFIDETLAAKGAENIADRGEADASDDFEGTYEEWREHMWSDVAAYFNLDIENSEDNKSTLSLQFVDSAADMPLAKMHGAFSTNVVASKELQQPGSARSTRHLEIELPKEASYQEGDHLGVIPRNYEGIVNRVTARFGLDASQQIRLEAEEEKLAHLPLAKTVSVEELLQYVELQDPVTRTQLRAMAAKTVCPPHKVELEALLEKQAYKEQVLAKRLTMLELLEKYPACEMKFSEFIALLPSIRPRYYSISSSPRVDEKQASITVSVRLRRSVERIWRI,DEDB434_0.cif
exp_11,Genetically programmed chiral organoborane synthesis,29.11.2017,[BH3-]c1n(C)cc[n+]1C.CCOC(=O)C(C)=[N+]=[N-].C\C=C1/C(=C2C=C3N4C(=Cc5n6c(C=C7N8C(=C(C)\C7=C/C)C=C1N2[Fe@@]468)c(C)c5CCC(O)=O)C(=C3C)CCC(O)=O)C,CCOC(=O)C(C)[BH2-]c1n(C)cc[n+]1C,literature,MTESGTAAQDPEALAAEIGPVKQVSLGEQIDAALAQQGEQLFNTYCTACHRLDERFIGPALRDVTKRRGPVYIMNVMLNPNGMIQRHPVMKQLVQEYGTMMTDMALSEEQARAILEYLRQVAENQLE,DEDB1321_0.cif
exp_10,Nitrene Transfer Catalyzed by a Non-Heme Iron Enzyme and Enhanced by Non-Native Small-Molecule Ligands,02.12.2019,CCc1ccccc1S(=O)(=O)N=[N+]=[N-],CCc1ccccc1S(=O)(=O)N=[N+]=[N-],literature,MTNLQTFELPTEVTGCAADISLGRALIQAWQKDGIFQIKTDSEQDRKTQEAMAASKQFCKEPLTFKSSCVSDLTYSGYVASGEEVTAGKPDFPEIFTVCKDLSVGDQRVKAGWPCHGPVPWPNNTYQKSMKTFMEELGLAGERLLKLTALGFELPINTFTDLTRDGWHHMRVLRFPPQTSTLSRGIGAHTDYGLLVIAAQDDVGGLYIRPPVEGEKRNRNWLPGESSAGMFEHDEPWTFVTPTPGVWTVFPGDILQFMTGGQLLSTPHKVKLNTRERFACAYFHEPNFEASAYPLFEPSANERIHYGEHFTNMFMRCYPDRITTQRINKENRLAHLEDLKKYSDTRATGS,DEDB1259_0.cif
exp_16,Nitroalkanes as Versatile Nucleophiles for Enzymatic Synthesis of Noncanonical Amino Acids,20.08.2019,O=[N+]([O-])Cc1ccccc1.N[C@@H](CO)C(=O)O.CC1=NC=C(C(=C1O)C=O)COP(=O)(O)O,N[C@H](C(=O)O)C(c1ccccc1)[N+](=O)[O-],literature,MWFGEFGGQYVPETLVGPLKELEKAYKRFKDDEEFNRQLNYYLKTWAGRPTPLYYAKRLTEKIGGAKVYLKREDLVHGGAHKTNNAIGQALLAKLMGKTRLIAETGAGQHGVATAMAGALLGMKVDIYMGAEDVERQKMNVFRMKLLGANVIPVNSGSRTLKDAINEALRDWVATFEYTHYLIGSVVGPHPYPTIVRDFQSVIGREAKAQILEAEGQLPDVIVACVGGGSNAMGIFYPFVNDKKVKLVGVEAGGKGLESGKHSASLNAGQVGVSHGMLSYFLQDEEGQIKPSHSIAPGLDYPGVGPEHAYLKKIQRAEYVAVTDEEALKAFHELSRTEGIIPALESAHAVAYAMKLAKEMSRDEIIIVNLSGRGDKDLDIVLKASGNV,DEDB451_0.cif
exp_32,Protoglobin-Catalyzed Formation of cis-Trifluoromethyl-Substituted Cyclopropanes by Carbene Transfer,19.12.2022,[N-]=[N+]=CC(F)(F)F.C=CC(=O)OCc1ccccc1.CC1=C(C2=CC3=C(C(=C([N-]3)C=C4C(=C(C(=N4)C=C5C(=C(C(=N5)C=C1[N-]2)C)C=C)C)C=C)C)CCC(=O)[O-])CCC(=O)[O-].[Fe],O=C(OCc1ccccc1)[C@@H]1C[C@@H]1C(F)(F)F,literature,MTPSDIPGYDYGRVEKSPITDLEFDLLKKTVMLGEKDVMYLKKACDVLKDQVDEILDLLQGWVASNEHLIYYFSNPDTGEPIKEYLERVRARFGAWILDTTCRDYNREWLDYQYEVGLRHHRSKKGVTDGVRTVPHIPLRYLIAFIYPITATIKPFLAKKGGSPEDIEGMYNAWFKSVVLQVAIWSHPYTKENDW,DEDB1217_0.cif
exp_35,Reversing the Enantioselectivity of Enzymatic Carbene N−H Insertion Through Mechanism-Guided Protein Engineering,01.06.2023,COc1ccc(N)cc1.[N-]=[N+]=C1CCOC1=O,COc1ccc(N[C@H]2CCOC2=O)cc1,literature,MTIKEMPQPKTFGELKNLPLLNTDKPVQALMKIADELGEIFKFEAPGRVTRYLSSQRLIKEACDESRFDKELSQGLKFLRDFLGDGLPTSWTHEKNWKKAHNILLPSFSQQAMKGYHASMVDIAVQLVQKWERLNADEHIEVSEDMTRLTLDTIGLCGFNYRLNSFYRDQPHPFIISLVRALDEVMNKLQRANPDDPAYDENKRQFQEDIKVMNDLVDKIIADRKARGEQSDDLLTQMLNGKDPETGEPLDDGNIRYQIITFLYAGVEGTSGLLSFALYFLVKNPHVLQKVAEEAARVLVDPVPSYKQVKQLKYVGMVLNEALRLWPVVPYFALYAKEDTVLGGEYPLEKGDEVMVLIPQLHRDKTVWGDDVEEFRPERFENPSAIPQHAFKPFGNGQRASLGQQFALHEATLVLGMMLKHFDFEDHTNYELDIKELLTLKPKGFVVKAKSKKIPLGGIPSPSTEQSAKKVRKKAENAHNTPLLVLYGSNMGTAEGTARDLADIAMSKGFAPQVATLDSHAGNLPREGAVLIVTASYNGHPPDNAKQFVDWLDQASADEVKGVRYSVFGCGDKNWATTYQKVPAFIDETLAAKGAENIADRGEADASDDFEGTYEEWREHMWSDVAAYFNLDIENSEDNKSTLSLQFVDSAADMPLAKMHGAFSTNVVASKELQQPGSARSTRHLEIELPKEASYQEGDHLGVIPRNYEGIVNRVTARFGLDASQQIRLEAEEEKLAHLPLAKTVSVEELLQYVELQDPVTRTQLRAMAAKTVCPPHKVELEALLEKQAYKEQVLAKRLTMLELLEKYPACEMKFSEFIALLPSIRPRYYSISSSPRVDEKQASITVSVVSGEAWSGYGEYKGIASNYLAELQEGDTITCFISTPQSEFTLPKDPETPLIMVGPGTGVAPFRGFVQARKQLKEQGQSLGEAHLYFGCRSPHEDYLYQEELENAQSEGIITLHTAFSRMPNQPKTYVQHVMEQDGKKLIELLDQGAHFYICGDGSQMAPAVEATLMKSYADVHQVSEADARLWLQQLEEKGRYAKDVWAG,DEDB915_0.cif
exp_0,Selective Enzymatic Oxidation of Silanes to Silanols,24.03.2020,O=O.C[SiH](C)c1ccccc1.CC1=C(C2=CC3=C(C(=C([N-]3)C=C4C(=C(C(=N4)C=C5C(=C(C(=N5)C=C1[N-]2)C)C=C)C)C=C)C)CCC(=O)[O-])CCC(=O)[O-].[Fe],C[Si](C)(O)c1ccccc1,literature,MTIKEMPQPKTFGELKNLPLLNTDKPVQALMKIADELGEIFKFEAPGRVTRYLSSQRLIKEACDESRFDKNLSQALKFVRDFAGDGLFTSWTHEKNWKKAHNILLPSFSQQAMKGYHAMMVDIAVQLVQKWERLNADEHIEVPEDMTRLTLDTIGLCGFNYRFNSFYRDQPHPFITSMVRALDEAMNKLQRANPDDPAYDENKRQFQEDIKVMNDLVDKIIADRKASGEQSDDLLTHMLNGKDPETGEPLDDENIRYQIITFLIAGHETTSGLLSFALYFLVKNPHVLQKAAEEAARVLVDPVPSYKQVKQLKYVGMVLNEALRLWPTAPAFSLYAKEDTVLGGEYPLEKGDELMVLIPQLHRDKTIWGDDVEEFRPERFENPSAIPQHAFKPFGNGQRACIGQQFALHEATLVLGMMLKHFDFEDHTNYELDIKETLTLKPEGFVVKAKSKKIPLGGIPSPSTEQ,DEDB317_0.cif
exp_26,Stereospecific Enzymatic Conversion of Boronic Acids to Amines,03.07.2024,OB(O)c1ccc2ccccc2c1.Cl.NO.CC1=C(C2=CC3=C(C(=C([N-]3)C=C4C(=C(C(=N4)C=C5C(=C(C(=N5)C=C1[N-]2)C)C=C)C)C=C)C)CCC(=O)[O-])CCC(=O)[O-].[Fe],Nc1ccc2ccccc2c1,literature,MTPSDIPGYDYGRVEKSPITDLEFDLLKKTVMLGEKDVMYLKKACDVLKDQVDEILDLAGGWVASNEHLIYYFSNPDTGEPIKEYLERVRARFGAWILDTTCRDYNREWLDYQYEVGLRHHRSKKGVTDGVRTVPHIPLRYLIAFIYPNTATIKPFLAKKGGSPEDIEGMYNAWFKSVVLQVAIWSHPYTKENDW,DEDB863_0.cif
exp_19,Tailoring Tryptophan Synthase TrpB for Selective Quaternary Carbon Bond Formation,20.11.2019,CC1C(=O)Nc2ccccc21.N[C@@H](CO)C(=O)O.CC1=NC=C(C(=C1O)C=O)COP(=O)(O)O,CC1(C[C@H](N)C(=O)O)C(=O)Nc2ccccc21,literature,MWFGEFGGQYVPETLVGPLKELEKAYKRFKDDEEFNRQLNYYLKTWAGRPTPLYYAKRLTEKIGGAKVYLKREDLVHGGAHKTNNAIGQALLAKLMGKTRLIAGTGAGQHGVATAMAGALLGMKVDIYMGAEDVERQKLNVFRMKLLGANVIPVNSGSRTLKDAFDEALRDWVATFEYTHYLIGSVVGPHPYPTIVRDFQSVIGREAKAQILEAEGQLPDVIVACVGGGSNAMGIFYPFVNDKKVKLVGVEAGGKGLESGKHSASLNAGQVGVSHGMLSYFLQDEEGQIKPSHSIAPGLDHPGVGPEHAYLKKIQRAEYVAVTDEEALKAFHELSRTEGIIPALESAHAVAYAMKLAKEMSRDEIIIVNLSGRGDKDLDIVLKASGNV,DEDB336_0.cif
exp_13,The β-subunit of tryptophan synthase is a latent tyrosine synthase,14.05.2024,Oc1ccccc1.N[C@@H](CO)C(=O)O,N[C@@H](Cc1ccc(O)cc1)C(=O)O,literature,MKGYFGPYGGQYVPEILMGALEELEAAYEGIMKDESFWKEFNDLLRDYAGRPTPLYFARRLSEKYGARVYLKREDLLHTGAHKINNAIGQVLLAKLMGKTRIIAETGAGQHGVATATAAALFGMECVIYMGEEDTIRQKLNVERMKLLGAKVVPVKSGSRTLKDAIDEALRDWITNLQTTYYVFGSVVGPHPYPIIVRNFQKVIGEETKKQIPEKEGRLPDYIVACVSGGSNAAGIFYPFIDSGVKLIGVEAGGEGLETGKHAASLLKGKIGYLHGSKTFVLQDDWGQVQVSHSVSAGLDYSGVGPEHAYWRETGKVLYDAVTDEEALDAFIELSRLEGIIPALESSHALAYLKKINIKGKVVVVNLSGRGDKDLESVLNHPYVRERIR,DEDB1135_0.cif